<environmentvariabledefinition schemaname="new_VarAutomateSettingsListName">
  <defaultvalue>AutomateSettings</defaultvalue>
  <description default="used to include the AutomateSettings sharepoint List Name">
    <label description="used to include the AutomateSettings sharepoint List Name" languagecode="1033" />
  </description>
  <displayname default="VarAutomateSettingsListName">
    <label description="VarAutomateSettingsListName" languagecode="1033" />
  </displayname>
  <introducedversion>1.0.0.7</introducedversion>
  <iscustomizable>1</iscustomizable>
  <isrequired>0</isrequired>
  <secretstore>0</secretstore>
  <type>100000000</type>
</environmentvariabledefinition>