{"name":"c80f8937-0b36-4f49-a2fc-276eaf455354","id":"/providers/Microsoft.Flow/flows/c80f8937-0b36-4f49-a2fc-276eaf455354","type":"Microsoft.Flow/flows","properties":{"apiId":"/providers/Microsoft.PowerApps/apis/shared_logicflows","displayName":"Community - Device Management - Change device name","definition":{"metadata":{"workflowEntityId":null,"processAdvisorMetadata":null,"flowChargedByPaygo":null,"flowclientsuspensionreason":"None","flowclientsuspensiontime":null,"flowclientsuspensionreasondetails":null,"creator":{"id":"618d47ed-a400-4d47-8414-8ef850f426d6","type":"User","tenantId":"a957df38-bb94-4ab2-9f39-ad24fc6ef761"},"provisioningMethod":"FromDefinition","failureAlertSubscription":true,"clientLastModifiedTime":"2025-11-10T13:42:48.705099Z","connectionKeySavedTimeKey":"2025-11-10T13:42:48.705099Z","creationSource":null,"modifiedSources":"Portal"},"$schema":"https://schema.management.azure.com/providers/Microsoft.Logic/schemas/2016-06-01/workflowdefinition.json#","contentVersion":"undefined","parameters":{"$authentication":{"defaultValue":{},"type":"SecureObject"},"$connections":{"defaultValue":{},"type":"Object"}},"triggers":{"manual":{"type":"Request","kind":"Button","inputs":{"schema":{"type":"object","properties":{},"required":[]}}}},"actions":{"HTTP_access_token":{"runAfter":{"Initialize_variable__-_ClientID":["Succeeded"]},"metadata":{"operationMetadataId":"08eeaa58-7017-4945-9c22-f98224e1364a"},"type":"Http","inputs":{"uri":"https://login.microsoftonline.com/@{variables('TenantID')}/oauth2/v2.0/token","method":"POST","headers":{"Content-Type":"application/x-www-form-urlencoded"},"body":"client_id=@{variables('CllientID')}&scope=https://graph.microsoft.com/.default&client_secret=@{variables('AppSecret')}&grant_type=client_credentials","authentication":{"type":"ActiveDirectoryOAuth","authority":"https://login.windows.net","tenant":"@{variables('TenantID')}","audience":"https://graph.microsoft.com","clientId":"@{variables('CllientID')}","secret":"@{variables('AppSecret')}"}},"runtimeConfiguration":{"contentTransfer":{"transferMode":"Chunked"}}},"Parse_JSON":{"runAfter":{"HTTP_access_token":["Succeeded"]},"metadata":{"operationMetadataId":"b40c0a58-d4ea-4fb9-aed4-02d0bd316269"},"type":"ParseJson","inputs":{"content":"@body('HTTP_access_token')","schema":{"type":"object","properties":{"token_type":{"type":"string"},"expires_in":{"type":"integer"},"ext_expires_in":{"type":"integer"},"access_token":{"type":"string"}}}}},"Initialize_variable_accesstoken":{"runAfter":{},"type":"InitializeVariable","inputs":{"variables":[{"name":"accesstoken","type":"string"}]}},"Set_variable._-_accesstoken":{"runAfter":{"Parse_JSON":["Succeeded"]},"type":"SetVariable","inputs":{"name":"accesstoken","value":"@body('Parse_JSON')?['access_token']"}},"List_rows_present_in_a_table":{"runAfter":{"Set_variable._-_accesstoken":["Succeeded"]},"metadata":{"01PG2ROFG6YG47COEOYZG3IVO2ZBTD66XH":"/DeviceRenames/DeviceRenameList.xlsx","tableId":"{714DD47C-BC5D-447A-9922-802CC630E18A}","01PG2ROFEKGG4RC7J5HRFKOSPHS7RFD2M7":"/DeviceRenames/CommunityDeviceRenameList.xlsx"},"type":"OpenApiConnection","inputs":{"parameters":{"source":"groups/737f90c4-fdc0-4999-9765-6fcad880cc63","drive":"b!QMWRvm7Aw0Wt7CKdSA6UNrxb51khlg5NhIpmOCo2KZwwyibhD-jHTbIfqeqAeCyG","file":"01PG2ROFEKGG4RC7J5HRFKOSPHS7RFD2M7","table":"{714DD47C-BC5D-447A-9922-802CC630E18A}","extractSensitivityLabel":false,"fetchSensitivityLabelMetadata":false},"host":{"apiId":"/providers/Microsoft.PowerApps/apis/shared_excelonlinebusiness","connectionName":"shared_excelonlinebusiness","operationId":"GetItems"},"authentication":{"value":"@json(decodeBase64(triggerOutputs().headers['X-MS-APIM-Tokens']))['$ConnectionKey']","type":"Raw"}}},"Apply_to_each":{"foreach":"@outputs('List_rows_present_in_a_table')?['body/value']","actions":{"Compose_get_serial_from_excel_record":{"type":"Compose","inputs":"@items('Apply_to_each')?['SerialNumber']"},"Compose__get_newdevicename_from_excel":{"runAfter":{"Compose_get_serial_from_excel_record":["Succeeded"]},"type":"Compose","inputs":"@items('Apply_to_each')?['NewDeviceName']"},"HTTP_get_device_id_in_Intune_for_registered_serial_number":{"runAfter":{"Compose__get_newdevicename_from_excel":["Succeeded"]},"type":"Http","inputs":{"uri":"https://graph.microsoft.com/beta/deviceManagement/managedDevices?$filter=serialNumber%20eq%20'@{outputs('Compose_get_serial_from_excel_record')}'","method":"GET","headers":{"Authorization":"Bearer @{variables('accesstoken')}"}},"runtimeConfiguration":{"contentTransfer":{"transferMode":"Chunked"}}},"Parse_JSON_1":{"runAfter":{"HTTP_get_device_id_in_Intune_for_registered_serial_number":["Succeeded"]},"type":"ParseJson","inputs":{"content":"@body('HTTP_get_device_id_in_Intune_for_registered_serial_number')","schema":{"type":"object","properties":{"statusCode":{"type":"integer"},"headers":{"type":"object","properties":{"Transfer-Encoding":{"type":"string"},"Vary":{"type":"string"},"Strict-Transport-Security":{"type":"string"},"request-id":{"type":"string"},"client-request-id":{"type":"string"},"x-ms-ags-diagnostic":{"type":"string"},"Link":{"type":"string"},"Deprecation":{"type":"string"},"Sunset":{"type":"string"},"OData-Version":{"type":"string"},"Date":{"type":"string"},"Content-Type":{"type":"string"},"Content-Length":{"type":"string"}}},"body":{"type":"object","properties":{"@@odata.context":{"type":"string"},"@@odata.count":{"type":"integer"},"value":{"type":"array","items":{"type":"object","properties":{"id":{"type":"string"},"userId":{"type":"string"},"deviceName":{"type":"string"},"ownerType":{"type":"string"},"managedDeviceOwnerType":{"type":"string"},"managementState":{"type":"string"},"enrolledDateTime":{"type":"string"},"lastSyncDateTime":{"type":"string"},"chassisType":{"type":"string"},"operatingSystem":{"type":"string"},"deviceType":{"type":"string"},"complianceState":{"type":"string"},"jailBroken":{"type":"string"},"managementAgent":{"type":"string"},"osVersion":{"type":"string"},"easActivated":{"type":"boolean"},"easDeviceId":{"type":"string"},"easActivationDateTime":{"type":"string"},"aadRegistered":{"type":"boolean"},"azureADRegistered":{"type":"boolean"},"deviceEnrollmentType":{"type":"string"},"lostModeState":{"type":"string"},"activationLockBypassCode":{},"emailAddress":{"type":"string"},"azureActiveDirectoryDeviceId":{"type":"string"},"azureADDeviceId":{"type":"string"},"deviceRegistrationState":{"type":"string"},"deviceCategoryDisplayName":{"type":"string"},"isSupervised":{"type":"boolean"},"exchangeLastSuccessfulSyncDateTime":{"type":"string"},"exchangeAccessState":{"type":"string"},"exchangeAccessStateReason":{"type":"string"},"remoteAssistanceSessionUrl":{},"remoteAssistanceSessionErrorDetails":{},"isEncrypted":{"type":"boolean"},"userPrincipalName":{"type":"string"},"enrolledByUserPrincipalName":{},"model":{"type":"string"},"manufacturer":{"type":"string"},"imei":{"type":"string"},"complianceGracePeriodExpirationDateTime":{"type":"string"},"serialNumber":{"type":"string"},"phoneNumber":{"type":"string"},"androidSecurityPatchLevel":{"type":"string"},"userDisplayName":{"type":"string"},"configurationManagerClientEnabledFeatures":{},"wiFiMacAddress":{"type":"string"},"deviceHealthAttestationState":{},"subscriberCarrier":{"type":"string"},"meid":{"type":"string"},"totalStorageSpaceInBytes":{"type":"integer"},"freeStorageSpaceInBytes":{"type":"integer"},"managedDeviceName":{"type":"string"},"partnerReportedThreatState":{"type":"string"},"retireAfterDateTime":{"type":"string"},"preferMdmOverGroupPolicyAppliedDateTime":{"type":"string"},"autopilotEnrolled":{"type":"boolean"},"requireUserEnrollmentApproval":{},"managementCertificateExpirationDate":{"type":"string"},"iccid":{},"udid":{},"roleScopeTagIds":{"type":"array"},"windowsActiveMalwareCount":{"type":"integer"},"windowsRemediatedMalwareCount":{"type":"integer"},"notes":{},"configurationManagerClientHealthState":{},"configurationManagerClientInformation":{},"ethernetMacAddress":{},"physicalMemoryInBytes":{"type":"integer"},"processorArchitecture":{"type":"string"},"specificationVersion":{},"joinType":{"type":"string"},"skuFamily":{"type":"string"},"securityPatchLevel":{"type":"string"},"skuNumber":{"type":"integer"},"managementFeatures":{"type":"string"},"enrollmentProfileName":{},"bootstrapTokenEscrowed":{"type":"boolean"},"deviceFirmwareConfigurationInterfaceManaged":{"type":"boolean"},"deviceIdentityAttestationDetail":{},"hardwareInformation":{"type":"object","properties":{"serialNumber":{"type":"string"},"totalStorageSpace":{"type":"integer"},"freeStorageSpace":{"type":"integer"},"imei":{"type":"string"},"meid":{},"manufacturer":{},"model":{},"phoneNumber":{},"subscriberCarrier":{},"cellularTechnology":{},"wifiMac":{},"operatingSystemLanguage":{},"isSupervised":{"type":"boolean"},"isEncrypted":{"type":"boolean"},"batterySerialNumber":{},"batteryHealthPercentage":{"type":"integer"},"batteryChargeCycles":{"type":"integer"},"isSharedDevice":{"type":"boolean"},"tpmSpecificationVersion":{},"operatingSystemEdition":{},"deviceFullQualifiedDomainName":{},"deviceGuardVirtualizationBasedSecurityHardwareRequirementState":{"type":"string"},"deviceGuardVirtualizationBasedSecurityState":{"type":"string"},"deviceGuardLocalSystemAuthorityCredentialGuardState":{"type":"string"},"osBuildNumber":{},"operatingSystemProductType":{"type":"integer"},"ipAddressV4":{},"subnetAddress":{},"esimIdentifier":{},"systemManagementBIOSVersion":{},"tpmManufacturer":{},"tpmVersion":{},"wiredIPv4Addresses":{"type":"array"},"batteryLevelPercentage":{},"residentUsersCount":{},"productName":{},"deviceLicensingStatus":{"type":"string"},"deviceLicensingLastErrorCode":{"type":"integer"},"deviceLicensingLastErrorDescription":{},"sharedDeviceCachedUsers":{"type":"array"}}},"deviceActionResults":{"type":"array"},"usersLoggedOn":{"type":"array","items":{"type":"object","properties":{"userId":{"type":"string"},"lastLogOnDateTime":{"type":"string"}},"required":["userId","lastLogOnDateTime"]}},"chromeOSDeviceInfo":{"type":"array"},"supplementalDeviceDetails":{"type":"array"}},"required":["id","userId","deviceName","ownerType","managedDeviceOwnerType","managementState","enrolledDateTime","lastSyncDateTime","chassisType","operatingSystem","deviceType","complianceState","jailBroken","managementAgent","osVersion","easActivated","easDeviceId","easActivationDateTime","aadRegistered","azureADRegistered","deviceEnrollmentType","lostModeState","activationLockBypassCode","emailAddress","azureActiveDirectoryDeviceId","azureADDeviceId","deviceRegistrationState","deviceCategoryDisplayName","isSupervised","exchangeLastSuccessfulSyncDateTime","exchangeAccessState","exchangeAccessStateReason","remoteAssistanceSessionUrl","remoteAssistanceSessionErrorDetails","isEncrypted","userPrincipalName","enrolledByUserPrincipalName","model","manufacturer","imei","complianceGracePeriodExpirationDateTime","serialNumber","phoneNumber","androidSecurityPatchLevel","userDisplayName","configurationManagerClientEnabledFeatures","wiFiMacAddress","deviceHealthAttestationState","subscriberCarrier","meid","totalStorageSpaceInBytes","freeStorageSpaceInBytes","managedDeviceName","partnerReportedThreatState","retireAfterDateTime","preferMdmOverGroupPolicyAppliedDateTime","autopilotEnrolled","requireUserEnrollmentApproval","managementCertificateExpirationDate","iccid","udid","roleScopeTagIds","windowsActiveMalwareCount","windowsRemediatedMalwareCount","notes","configurationManagerClientHealthState","configurationManagerClientInformation","ethernetMacAddress","physicalMemoryInBytes","processorArchitecture","specificationVersion","joinType","skuFamily","securityPatchLevel","skuNumber","managementFeatures","enrollmentProfileName","bootstrapTokenEscrowed","deviceFirmwareConfigurationInterfaceManaged","deviceIdentityAttestationDetail","hardwareInformation","deviceActionResults","usersLoggedOn","chromeOSDeviceInfo","supplementalDeviceDetails"]}}}}}}}},"For_each":{"foreach":"@outputs('Parse_JSON_1')?['body']?['value']","actions":{"Compose_deviceid":{"runAfter":{"Compose_-_operating_system":["Succeeded"]},"type":"Compose","inputs":"@items('For_each')?['id']"},"Compose__ownerType":{"runAfter":{"Compose_deviceid":["Succeeded"]},"type":"Compose","inputs":"@items('For_each')?['ownerType']"},"Condition_not_eq_personal_ownertype":{"actions":{"HTTP_-_rename_device_In_Intune":{"type":"Http","inputs":{"uri":"https://graph.microsoft.com/beta/deviceManagement/managedDevices('@{outputs('Compose_deviceid')}')/setDeviceName","method":"POST","headers":{"Authorization":"Bearer @{variables('accesstoken')}","Content-Type":"application/json"},"body":{"deviceName":"@{outputs('Compose__get_newdevicename_from_excel')}"},"authentication":{"type":"ActiveDirectoryOAuth","authority":"https://login.windows.net","tenant":"@{variables('TenantID')}","audience":"https://graph.microsoft.com","clientId":"@{variables('CllientID')}","secret":"@{variables('AppSecret')}"}},"runtimeConfiguration":{"contentTransfer":{"transferMode":"Chunked"}}}},"runAfter":{"Compose__ownerType":["Succeeded"]},"else":{"actions":{}},"expression":{"and":[{"equals":["@outputs('Compose__ownerType')","company"]},{"equals":["@outputs('Compose_-_operating_system')","Windows"]}]},"type":"If"},"Compose_-_operating_system":{"type":"Compose","inputs":"@items('For_each')?['operatingSystem']"}},"runAfter":{"Parse_JSON_1":["Succeeded"]},"type":"Foreach"}},"runAfter":{"List_rows_present_in_a_table":["Succeeded"]},"type":"Foreach"},"Initialize_variable-_tenant_id":{"runAfter":{"Initialize_variable_accesstoken":["Succeeded"]},"type":"InitializeVariable","inputs":{"variables":[{"name":"TenantID","type":"string","value":"123456"}]}},"Initialize_variable_-_appsecret":{"runAfter":{"Initialize_variable-_tenant_id":["Succeeded"]},"type":"InitializeVariable","inputs":{"variables":[{"name":"AppSecret","type":"string","value":"123456"}]}},"Initialize_variable__-_ClientID":{"runAfter":{"Initialize_variable_-_appsecret":["Succeeded"]},"type":"InitializeVariable","inputs":{"variables":[{"name":"CllientID","type":"string","value":"123456"}]}}}},"connectionReferences":{"shared_excelonlinebusiness":{"connectionName":"shared-excelonlinebu-a3ee3755-f16e-4b29-b099-563ad0c8a68f","source":"Invoker","id":"/providers/Microsoft.PowerApps/apis/shared_excelonlinebusiness","tier":"NotSpecified","apiName":"excelonlinebusiness","isProcessSimpleApiReferenceConversionAlreadyDone":false}},"flowFailureAlertSubscribed":false,"isManaged":false}}