<environmentvariabledefinition schemaname="new_VarAutomateList">
  <defaultvalue>https://kumonixtech.sharepoint.com/sites/IntuneHRFlow22</defaultvalue>
  <description default="Variable for the automateSettings Sharepoint site address">
    <label description="Variable for the automateSettings Sharepoint site address" languagecode="1033" />
  </description>
  <displayname default="VarAutomateList">
    <label description="VarAutomateList" languagecode="1033" />
  </displayname>
  <introducedversion>1.0.0.7</introducedversion>
  <iscustomizable>1</iscustomizable>
  <isrequired>0</isrequired>
  <secretstore>0</secretstore>
  <type>100000000</type>
</environmentvariabledefinition>