{
  "properties": {
    "connectionReferences": {
      "shared_sharepointonline": {
        "runtimeSource": "embedded",
        "connection": {
          "connectionReferenceLogicalName": "cr23a_sharedsharepointonline_1d640"
        },
        "api": {
          "name": "shared_sharepointonline"
        }
      },
      "shared_office365users": {
        "runtimeSource": "embedded",
        "connection": {
          "connectionReferenceLogicalName": "cr23a_sharedoffice365users_3b878"
        },
        "api": {
          "name": "shared_office365users"
        }
      },
      "shared_office365": {
        "runtimeSource": "embedded",
        "connection": {
          "connectionReferenceLogicalName": "cr23a_sharedoffice365_54306"
        },
        "api": {
          "name": "shared_office365"
        }
      },
      "shared_azuread": {
        "runtimeSource": "embedded",
        "connection": {
          "connectionReferenceLogicalName": "cr23a_sharedazuread_b6934"
        },
        "api": {
          "name": "shared_azuread"
        }
      },
      "shared_teams": {
        "runtimeSource": "embedded",
        "connection": {
          "connectionReferenceLogicalName": "new_sharedteams_5edf3"
        },
        "api": {
          "name": "shared_teams"
        }
      },
      "shared_planner-1": {
        "runtimeSource": "embedded",
        "connection": {
          "connectionReferenceLogicalName": "new_sharedplanner_a4331"
        },
        "api": {
          "name": "shared_planner"
        }
      }
    },
    "definition": {
      "$schema": "https://schema.management.azure.com/providers/Microsoft.Logic/schemas/2016-06-01/workflowdefinition.json#",
      "contentVersion": "undefined",
      "parameters": {
        "$authentication": {
          "defaultValue": {},
          "type": "SecureObject"
        },
        "$connections": {
          "defaultValue": {},
          "type": "Object"
        },
        "VarAutomateList (new_VarAutomateList)": {
          "defaultValue": "https://kumonixtech.sharepoint.com/sites/IntuneHRFlow22",
          "type": "String",
          "metadata": {
            "schemaName": "new_VarAutomateList",
            "description": "Variable for the automateSettings Sharepoint site address"
          }
        },
        "VarAutomateSettingsListName (new_VarAutomateSettingsListName)": {
          "defaultValue": "AutomateSettings",
          "type": "String",
          "metadata": {
            "schemaName": "new_VarAutomateSettingsListName",
            "description": "used to include the AutomateSettings sharepoint List Name"
          }
        }
      },
      "triggers": {
        "Recurrence": {
          "recurrence": {
            "frequency": "Hour",
            "interval": 2,
            "startTime": "2025-01-23T10:20:00Z",
            "timeZone": "GMT Standard Time"
          },
          "type": "Recurrence"
        }
      },
      "actions": {
        "Get_Approved_new_starters": {
          "runAfter": {
            "Initialize_variable_DeveiceItem": [
              "Succeeded"
            ]
          },
          "type": "OpenApiConnection",
          "inputs": {
            "parameters": {
              "dataset": "https://kumonixtech.sharepoint.com/sites/IntuneHRFlow22",
              "table": "c8614b57-1bfc-471a-9d2b-898bcf9b8b7f",
              "$filter": "status eq 'Approved'"
            },
            "host": {
              "apiId": "/providers/Microsoft.PowerApps/apis/shared_sharepointonline",
              "operationId": "GetItems",
              "connectionName": "shared_sharepointonline"
            }
          }
        },
        "Apply_to_each": {
          "foreach": "@body('Parse_JSON')?['value']",
          "actions": {
            "Set_upnindex": {
              "type": "SetVariable",
              "inputs": {
                "name": "upnindex",
                "value": "@int(item()?['UPNIndex'])"
              }
            },
            "Set_variable_-_onboardID": {
              "runAfter": {
                "Set_upnindex": [
                  "Succeeded"
                ]
              },
              "type": "SetVariable",
              "inputs": {
                "name": "onboardID",
                "value": "@items('Apply_to_each')?['ID']"
              }
            },
            "Set_upn": {
              "runAfter": {
                "Set_variable_-_onboardID": [
                  "Succeeded"
                ]
              },
              "type": "SetVariable",
              "inputs": {
                "name": "upn",
                "value": "@item()?['UserPrincipalName']"
              }
            },
            "Set_department": {
              "runAfter": {
                "Set_upn": [
                  "Succeeded"
                ]
              },
              "type": "SetVariable",
              "inputs": {
                "name": "department",
                "value": "@items('Apply_to_each')?['Department#Value']"
              }
            },
            "Set_variable_-_NewManagerUPN": {
              "runAfter": {
                "Set_department": [
                  "Succeeded"
                ]
              },
              "type": "SetVariable",
              "inputs": {
                "name": "NewManagerUPN",
                "value": "@item()?['ManagerEmail']"
              }
            },
            "Search_for_users_(V2)": {
              "runAfter": {
                "Set_variable_-_NewManagerUPN": [
                  "Succeeded"
                ]
              },
              "type": "OpenApiConnection",
              "inputs": {
                "parameters": {
                  "isSearchTermRequired": true,
                  "searchTerm": "@variables('upn')"
                },
                "host": {
                  "apiId": "/providers/Microsoft.PowerApps/apis/shared_office365users",
                  "operationId": "SearchUserV2",
                  "connectionName": "shared_office365users"
                }
              }
            },
            "For_each": {
              "foreach": "@outputs('Search_for_users_(V2)')?['body/value']",
              "actions": {
                "Set_entraidupn": {
                  "type": "SetVariable",
                  "inputs": {
                    "name": "entraidupn",
                    "value": "@item()?['UserPrincipalName']"
                  }
                }
              },
              "runAfter": {
                "Search_for_users_(V2)": [
                  "Succeeded"
                ]
              },
              "type": "Foreach"
            },
            "Condition_upn_eq_entraidupn": {
              "actions": {
                "Set_add_1_to_UPNIndex": {
                  "type": "SetVariable",
                  "inputs": {
                    "name": "NewUPNIndex",
                    "value": "@add(variables('upnindex'), 1)"
                  }
                },
                "Send_an_email_to_new_user_creator": {
                  "runAfter": {
                    "Set_NewEmail": [
                      "Succeeded"
                    ]
                  },
                  "type": "OpenApiConnection",
                  "inputs": {
                    "parameters": {
                      "emailMessage/To": "@item()?['Author/Email']",
                      "emailMessage/Subject": "The UPN for your new Starter has been replaced!",
                      "emailMessage/Body": "<p class=\"editor-paragraph\">Hi,<br>You are being notified by the automation team that the User Principal Name (UPN) for '@{items('Apply_to_each')?['UserDisplay']}' already exists within Microsoft Entra and must be unique for all new starters. Automation have assigned a new UPN and Email address as:</p><p class=\"editor-paragraph\"><br>Old UPN: @{variables('upn')}<br>New UPN: @{variables('NewEmail')}<br><br>Please contact automation Admin if there any concerns with this change.<br><br>Thank you,<br>Regards<br>Automation Admin Team</p>",
                      "emailMessage/Importance": "Normal"
                    },
                    "host": {
                      "apiId": "/providers/Microsoft.PowerApps/apis/shared_office365",
                      "operationId": "SendEmailV2",
                      "connectionName": "shared_office365"
                    }
                  }
                },
                "Update_employee_record_with_new_UPN": {
                  "runAfter": {
                    "Send_an_email_to_new_user_creator": [
                      "Succeeded"
                    ]
                  },
                  "type": "OpenApiConnection",
                  "inputs": {
                    "parameters": {
                      "dataset": "https://kumonixtech.sharepoint.com/sites/IntuneHRFlow22",
                      "table": "c8614b57-1bfc-471a-9d2b-898bcf9b8b7f",
                      "id": "@item()?['ItemInternalId']",
                      "item/Firstname": "@items('Apply_to_each')?['Firstname']",
                      "item/New_x0020_Starter_x0020__x003a__": "@items('Apply_to_each')?['New_x0020_Starter_x0020__x003a__']",
                      "item/Leave_x0020_date": "@items('Apply_to_each')?['Leave_x0020_date']",
                      "item/UserPrincipalName": "@variables('NewEmail')",
                      "item/JobTitle": "@items('Apply_to_each')?['JobTitle']",
                      "item/EmployeeNumber": "@items('Apply_to_each')?['EmployeeNumber']",
                      "item/Windows_x0020_365": false,
                      "item/Telephone": "@items('Apply_to_each')?['Telephone']",
                      "item": {
                        "Description": "Updated: New UPN",
                        "UserEmail": "@{variables('NewEmail')}",
                        "UserPrincipalName": "@{variables('NewEmail')}",
                        "UPNIndex": "@variables('NewUPNIndex')"
                      }
                    },
                    "host": {
                      "apiId": "/providers/Microsoft.PowerApps/apis/shared_sharepointonline",
                      "operationId": "PatchItem",
                      "connectionName": "shared_sharepointonline"
                    }
                  }
                },
                "Set_NewEmail": {
                  "runAfter": {
                    "Set_add_1_to_UPNIndex": [
                      "Succeeded"
                    ]
                  },
                  "type": "SetVariable",
                  "inputs": {
                    "name": "NewEmail",
                    "value": "@{item()?['Firstname']}@{item()?['New_x0020_Starter_x0020__x003a__']}@{variables('NewUPNIndex')}@@{variables('VarDomian')}"
                  }
                },
                "Set_variable_Set_upn_to_NewEmail": {
                  "runAfter": {
                    "Update_employee_record_with_new_UPN": [
                      "Succeeded"
                    ]
                  },
                  "type": "SetVariable",
                  "inputs": {
                    "name": "upn",
                    "value": "@variables('NewEmail')"
                  }
                }
              },
              "runAfter": {
                "For_each": [
                  "Succeeded"
                ]
              },
              "else": {
                "actions": {}
              },
              "expression": {
                "and": [
                  {
                    "equals": [
                      "@variables('upn')",
                      "@variables('entraidupn')"
                    ]
                  }
                ]
              },
              "type": "If"
            },
            "Set_variable_-_ConvertStartDate": {
              "runAfter": {
                "Condition_upn_eq_entraidupn": [
                  "Succeeded"
                ]
              },
              "type": "SetVariable",
              "inputs": {
                "name": "ConvertStartDate",
                "value": "@formatDateTime(item()['Leave_x0020_date'], 'yyyy-MM-ddT09:00:00.000Z')"
              }
            },
            "Set_variable_-_TAP": {
              "runAfter": {
                "Set_variable_-_ConvertStartDate": [
                  "Succeeded"
                ]
              },
              "type": "SetVariable",
              "inputs": {
                "name": "TAP",
                "value": "@item()?['TempPassword']"
              }
            },
            "Set_temppassword": {
              "runAfter": {
                "Set_variable_-_TAP": [
                  "Succeeded"
                ]
              },
              "type": "SetVariable",
              "inputs": {
                "name": "TempPassword",
                "value": "nSTR@{rand(10000, 99999)}"
              }
            },
            "Create_New_Starter_Intune_account": {
              "runAfter": {
                "Set_temppassword": [
                  "Succeeded"
                ]
              },
              "type": "OpenApiConnection",
              "inputs": {
                "parameters": {
                  "body/accountEnabled": true,
                  "body/displayName": "@{item()?['Firstname']} @{item()?['New_x0020_Starter_x0020__x003a__']}",
                  "body/mailNickname": "@items('Apply_to_each')?['MailNickname']",
                  "body/passwordProfile/password": "@variables('TempPassword')",
                  "body/userPrincipalName": "@variables('upn')",
                  "body/givenName": "@item()?['Firstname']",
                  "body/surname": "@item()?['New_x0020_Starter_x0020__x003a__']",
                  "body/businessPhones": [
                    "@item()?['Telephone']"
                  ],
                  "body/department": "@items('Apply_to_each')?['Department']?['Value']",
                  "body/jobTitle": "@item()?['JobTitle']",
                  "body/mobilePhone": "@item()?['MobileNumber']",
                  "body/officeLocation": "UK"
                },
                "host": {
                  "apiId": "/providers/Microsoft.PowerApps/apis/shared_azuread",
                  "operationId": "CreateUser",
                  "connectionName": "shared_azuread"
                }
              }
            },
            "Set_entraID": {
              "runAfter": {
                "Create_New_Starter_Intune_account": [
                  "Succeeded"
                ]
              },
              "type": "SetVariable",
              "inputs": {
                "name": "entraID",
                "value": "@outputs('Create_New_Starter_Intune_account')?['body/id']"
              }
            },
            "Add_user_to_persona_group": {
              "runAfter": {
                "Set_persona_default": [
                  "Succeeded"
                ]
              },
              "type": "OpenApiConnection",
              "inputs": {
                "parameters": {
                  "body/@odata.id": "@variables('entraID')",
                  "id": "@variables('persona')"
                },
                "host": {
                  "apiId": "/providers/Microsoft.PowerApps/apis/shared_azuread",
                  "operationId": "AddUserToGroup",
                  "connectionName": "shared_azuread"
                }
              }
            },
            "Add_user_to_Intune_Licence_group": {
              "runAfter": {
                "Add_user_to_persona_group": [
                  "Succeeded"
                ]
              },
              "type": "OpenApiConnection",
              "inputs": {
                "parameters": {
                  "body/@odata.id": "@variables('entraID')",
                  "id": "@variables('IntuneLicenceGroup')"
                },
                "host": {
                  "apiId": "/providers/Microsoft.PowerApps/apis/shared_azuread",
                  "operationId": "AddUserToGroup",
                  "connectionName": "shared_azuread"
                }
              }
            },
            "Get_user_profile_-_new_user_manager_": {
              "runAfter": {
                "Add_user_to_Intune_Licence_group": [
                  "Succeeded"
                ]
              },
              "type": "OpenApiConnection",
              "inputs": {
                "parameters": {
                  "id": "@variables('NewManagerUPN')"
                },
                "host": {
                  "apiId": "/providers/Microsoft.PowerApps/apis/shared_office365users",
                  "operationId": "UserProfile_V2",
                  "connectionName": "shared_office365users"
                }
              }
            },
            "Assign_selected_manager_to_new_user_account": {
              "runAfter": {
                "Get_user_profile_-_new_user_manager_": [
                  "Succeeded"
                ]
              },
              "type": "OpenApiConnection",
              "inputs": {
                "parameters": {
                  "body/@odata.id": "@outputs('Get_user_profile_-_new_user_manager_')?['body/id']",
                  "id": "@variables('entraID')"
                },
                "host": {
                  "apiId": "/providers/Microsoft.PowerApps/apis/shared_azuread",
                  "operationId": "AssignManager",
                  "connectionName": "shared_azuread"
                }
              }
            },
            "Condition_-_Has_TAP_been_selected": {
              "actions": {
                "HTTP_create_TAP_for_new_user-copy-copy": {
                  "type": "Http",
                  "inputs": {
                    "uri": "https://graph.microsoft.com/v1.0/users/@{variables('entraID')}/authentication/temporaryAccessPassMethods",
                    "method": "POST",
                    "headers": {
                      "Content-Type": "application/json"
                    },
                    "body": {
                      "startDateTime": "@{variables('ConvertStartDate')}",
                      "lifetimeInMinutes": 240,
                      "isUsableOnce": false
                    },
                    "authentication": {
                      "type": "ActiveDirectoryOAuth",
                      "authority": "https://login.windows.net",
                      "tenant": "@{outputs('Get_item_-_Get_automate_settings')?['body/TenantID']}",
                      "audience": "https://graph.microsoft.com",
                      "clientId": "@{outputs('Get_item_-_Get_automate_settings')?['body/ClientID']}",
                      "secret": "@{outputs('Get_item_-_Get_automate_settings')?['body/AppSecret']}"
                    }
                  },
                  "runtimeConfiguration": {
                    "contentTransfer": {
                      "transferMode": "Chunked"
                    }
                  }
                },
                "Parse_JSON_1": {
                  "runAfter": {
                    "HTTP_create_TAP_for_new_user-copy-copy": [
                      "Succeeded"
                    ]
                  },
                  "type": "ParseJson",
                  "inputs": {
                    "content": "@body('HTTP_create_TAP_for_new_user-copy-copy')",
                    "schema": {
                      "type": "object",
                      "properties": {
                        "startDateTime": {
                          "type": "string"
                        },
                        "lifetimeInMinutes": {
                          "type": "integer"
                        },
                        "isUsableOnce": {
                          "type": "boolean"
                        }
                      }
                    }
                  }
                }
              },
              "runAfter": {
                "Assign_selected_manager_to_new_user_account": [
                  "Succeeded"
                ]
              },
              "else": {
                "actions": {}
              },
              "expression": {
                "and": [
                  {
                    "equals": [
                      "@variables('TAP')",
                      "Y"
                    ]
                  }
                ]
              },
              "type": "If"
            },
            "Delay_-_Allow_Entra_record_to_be_created_-_2_min_delay": {
              "runAfter": {
                "Condition_-_Has_TAP_been_selected": [
                  "Succeeded"
                ]
              },
              "type": "Wait",
              "inputs": {
                "interval": {
                  "count": 2,
                  "unit": "Minute"
                }
              }
            },
            "HTTP_-_Update_new_user_record_on_Entra_with_additional_fields": {
              "runAfter": {
                "Delay_-_Allow_Entra_record_to_be_created_-_2_min_delay": [
                  "Succeeded"
                ]
              },
              "type": "Http",
              "inputs": {
                "uri": "https://graph.microsoft.com/v1.0/users/@{variables('entraID')}",
                "method": "PATCH",
                "headers": {
                  "Content-Type": "application/json",
                  "Authorization": "Bearer "
                },
                "body": {
                  "employeeId": "@{items('Apply_to_each')?['EmployeeNumber']}",
                  "companyName": "@{outputs('Get_item_-_Get_automate_settings')?['body/CompanyName']}",
                  "streetAddress": "@{outputs('Get_item_-_Get_automate_settings')?['body/streetaddress']}",
                  "city": "@{outputs('Get_item_-_Get_automate_settings')?['body/city']}"
                },
                "authentication": {
                  "type": "ActiveDirectoryOAuth",
                  "authority": "https://login.windows.net",
                  "tenant": "@{outputs('Get_item_-_Get_automate_settings')?['body/TenantID']}",
                  "audience": "https://graph.microsoft.com",
                  "clientId": "@{outputs('Get_item_-_Get_automate_settings')?['body/ClientID']}",
                  "secret": "@{outputs('Get_item_-_Get_automate_settings')?['body/AppSecret']}"
                }
              },
              "runtimeConfiguration": {
                "contentTransfer": {
                  "transferMode": "Chunked"
                }
              }
            },
            "Send_an_HTTP_request_to_SharePoint_-_Add_new_joiner_to_the_company_SP_site": {
              "runAfter": {
                "HTTP_-_Update_new_user_record_on_Entra_with_additional_fields": [
                  "Succeeded"
                ]
              },
              "type": "OpenApiConnection",
              "inputs": {
                "parameters": {
                  "dataset": "@outputs('Get_item_-_Get_automate_settings')?['body/NewStarterSite']",
                  "parameters/method": "POST",
                  "parameters/uri": "_api/web/sitegroups/GetById(4)/users",
                  "parameters/headers": {
                    "Content-Type": "application/json;odata=verbose",
                    "Accept": "application/json;odata=verbose"
                  },
                  "parameters/body": "{\n  \"__metadata\": { \"type\": \"SP.User\" },\n  \"LoginName\": \"i:0#.f|membership|@{variables('upn')}\"\n}"
                },
                "host": {
                  "apiId": "/providers/Microsoft.PowerApps/apis/shared_sharepointonline",
                  "operationId": "HttpRequest",
                  "connectionName": "shared_sharepointonline"
                }
              }
            },
            "Update_user_record_to_onboarded": {
              "runAfter": {
                "Send_an_HTTP_request_to_SharePoint_-_Add_new_joiner_to_the_company_SP_site": [
                  "Succeeded"
                ]
              },
              "type": "OpenApiConnection",
              "inputs": {
                "parameters": {
                  "dataset": "https://kumonixtech.sharepoint.com/sites/IntuneHRFlow22",
                  "table": "c8614b57-1bfc-471a-9d2b-898bcf9b8b7f",
                  "id": "@item()?['ID']",
                  "item/Firstname": "@items('Apply_to_each')?['Firstname']",
                  "item/New_x0020_Starter_x0020__x003a__": "@items('Apply_to_each')?['New_x0020_Starter_x0020__x003a__']",
                  "item/status/Value": "Onboarded",
                  "item/Leave_x0020_date": "@items('Apply_to_each')?['Leave_x0020_date']",
                  "item/JobTitle": "@items('Apply_to_each')?['JobTitle']",
                  "item/EmployeeNumber": "@items('Apply_to_each')?['EmployeeNumber']",
                  "item/Windows_x0020_365": false,
                  "item/Telephone": "@items('Apply_to_each')?['Telephone']",
                  "item": {
                    "UPNIndex": 0,
                    "status": {
                      "Value": "Onboarded"
                    }
                  }
                },
                "host": {
                  "apiId": "/providers/Microsoft.PowerApps/apis/shared_sharepointonline",
                  "operationId": "PatchItem",
                  "connectionName": "shared_sharepointonline"
                }
              }
            },
            "Condition_-_Does_TempPassword_eq_Y": {
              "actions": {
                "Send_an_email_to_manager_and_author-copy": {
                  "type": "OpenApiConnection",
                  "inputs": {
                    "parameters": {
                      "emailMessage/To": "@item()?['ManagerEmail']",
                      "emailMessage/Subject": "Onboarding Updates Step 2 for: @{item()?['Firstname']} @{item()?['New_x0020_Starter_x0020__x003a__']}",
                      "emailMessage/Body": "<p class=\"editor-paragraph\">Great News,<br><br>The HR team would like to confirm onboarding actions for: @{item()?['Firstname']} @{item()?['New_x0020_Starter_x0020__x003a__']}<br><br>- The user account has been setup within EntraID and Intune<br>- A M365 License has been assigned<br>- The user has been assigned to their department and persona:@{item()?['Select_x0020_User']?['DisplayName']}<br>- A Temporary Access Pass has been assigned - Start Date : @{body('Parse_JSON_1')?['startDateTime']}</p><p class=\"editor-paragraph\">- Please assign the Temporary Pass in your first meeting :  @{body('Parse_JSON_1')?['temporaryAccessPass']}<br>This means the new starter will have access to the correct groups, applications and permissions when enrolling their allocated devices.<br><br>The new starter has also been added to the onboarding Sharepoint site with information for enrollment documentation, training and getting to know the team.<br>We recommend that regular checkpoints are put in place for:<br><br>- An introduction to the team<br>- Getting to know the role and using software and tools<br>- A One-to-One meeting is set up for the end of Week 1<br>- A One-to-One meeting is setup for the first month Check-in<br><br>A 'Getting Started' email will be sent to the new starter 3 days before the start date @{item()?['Leave_x0020_date']} for their Day 1 access to the Onboarding Sharepoint site.<br><br>Regards<br>HR Onboarding</p>",
                      "emailMessage/Cc": "@item()?['Author/Email']",
                      "emailMessage/Importance": "High"
                    },
                    "host": {
                      "apiId": "/providers/Microsoft.PowerApps/apis/shared_office365",
                      "operationId": "SendEmailV2",
                      "connectionName": "shared_office365"
                    }
                  }
                }
              },
              "runAfter": {
                "Update_user_record_to_onboarded": [
                  "Succeeded"
                ]
              },
              "else": {
                "actions": {
                  "Send_an_email_to_manager_and_author": {
                    "type": "OpenApiConnection",
                    "inputs": {
                      "parameters": {
                        "emailMessage/To": "@item()?['ManagerEmail']",
                        "emailMessage/Subject": "Onboarding Updates Step 2 for: @{item()?['Firstname']} @{item()?['New_x0020_Starter_x0020__x003a__']}",
                        "emailMessage/Body": "<p class=\"editor-paragraph\">Great News,<br><br>The HR team would like to confirm onboarding actions for: @{item()?['Firstname']} @{item()?['New_x0020_Starter_x0020__x003a__']}<br><br>- The user account has been setup within EntraID and Intune<br>- A M365 License has been assigned<br>- The user has been assigned to their department and persona:@{item()?['Select_x0020_User']?['DisplayName']}<br>- Please assign the Temporary Pass in your first meeting : @{variables('TempPassword')}</p><p class=\"editor-paragraph\"><br>This means the new starter will have access to the correct groups, applications and permissions when enrolling their allocated devices.<br><br>The new starter has also been added to the onboarding Sharepoint site with information for enrollment documentation, training and getting to know the team.<br>We recommend that regular checkpoints are put in place for:<br><br>- An introduction to the team<br>- Getting to know the role and using software and tools<br>- A One-to-One meeting is set up for the end of Week 1<br>- A One-to-One meeting is setup for the first month Check-in<br><br>A 'Getting Started' email will be sent to the new starter 3 days before the start date @{item()?['Leave_x0020_date']} for their Day 1 access to the Onboarding Sharepoint site.<br><br>Regards<br>HR Onboarding</p>",
                        "emailMessage/Cc": "@item()?['Author/Email']",
                        "emailMessage/Importance": "High"
                      },
                      "host": {
                        "apiId": "/providers/Microsoft.PowerApps/apis/shared_office365",
                        "operationId": "SendEmailV2",
                        "connectionName": "shared_office365"
                      }
                    }
                  }
                }
              },
              "expression": {
                "and": [
                  {
                    "equals": [
                      "@item()?['TempPassword']",
                      "Y"
                    ]
                  }
                ]
              },
              "type": "If"
            },
            "Apply_to_each_1": {
              "foreach": "@items('Apply_to_each')?['Device_x0020_Options']",
              "actions": {
                "Append_to_string_variable_devicelist": {
                  "type": "AppendToStringVariable",
                  "inputs": {
                    "name": "DeviceList",
                    "value": "@concat(' ', items('Apply_to_each_1')?['Value'], ' | ')"
                  }
                }
              },
              "runAfter": {
                "Condition_-_Does_TempPassword_eq_Y": [
                  "Succeeded"
                ]
              },
              "type": "Foreach"
            },
            "Reset_devicelist": {
              "runAfter": {
                "Condition_-_Is_UsePlanner_enabled": [
                  "Succeeded"
                ]
              },
              "type": "SetVariable",
              "inputs": {
                "name": "DeviceList",
                "value": "''"
              }
            },
            "Condition_is_TeamsFunction_switched_on": {
              "actions": {
                "Post_message_in_HR_Approvals_chat": {
                  "metadata": {
                    "operationMetadataId": "73036815-9ac3-4ce0-821a-84d01671ea83"
                  },
                  "type": "OpenApiConnection",
                  "inputs": {
                    "parameters": {
                      "poster": "User",
                      "location": "Channel",
                      "body/recipient/groupId": "c8b20281-d056-4016-9601-0068f05d15b1",
                      "body/recipient/channelId": "19:fdfc63b1d18b4563ab8523a416505b74@thread.tacv2",
                      "body/messageBody": "<p class=\"editor-paragraph\">Notification: New Starter</p><br><p class=\"editor-paragraph\">A New Employee account has been setup for @{items('Apply_to_each')?['DisplayName']} joining the company on @{items('Apply_to_each')?['Leave_x0020_date']}. Please review and action tasks within the Planner Tab.</p><br><p class=\"editor-paragraph\">Thanks</p><p class=\"editor-paragraph\">HR Onboarding Team.</p>",
                      "body/subject": "New Starter Account created, please action raised tasks"
                    },
                    "host": {
                      "apiId": "/providers/Microsoft.PowerApps/apis/shared_teams",
                      "operationId": "PostMessageToConversation",
                      "connectionName": "shared_teams"
                    }
                  }
                }
              },
              "runAfter": {
                "Compose_-_is_UseTeams_enabled": [
                  "Succeeded"
                ]
              },
              "else": {
                "actions": {}
              },
              "expression": {
                "and": [
                  {
                    "equals": [
                      "@outputs('Compose_-_is_UseTeams_enabled')",
                      "Yes"
                    ]
                  }
                ]
              },
              "type": "If"
            },
            "Compose_-_is_UseTeams_enabled": {
              "runAfter": {
                "Apply_to_each_1": [
                  "Succeeded"
                ]
              },
              "type": "Compose",
              "inputs": "@outputs('Get_item_-_Get_automate_settings')?['body/UseTeams']?['Value']"
            },
            "Condition_-_Is_UsePlanner_enabled": {
              "actions": {
                "Create_a_task_-_Raise_equipment_order": {
                  "type": "OpenApiConnection",
                  "inputs": {
                    "parameters": {
                      "body/groupId": "c8b20281-d056-4016-9601-0068f05d15b1",
                      "body/planId": "T0gBzWa_dUiB1BpNRJx-uZgAGyA8",
                      "body/title": "Order New Starter Equipment for @{item()?['UserDisplay']}",
                      "body/bucketId": "WvaISyJkqEKT4FGghAp7w5gAHTpl",
                      "body/startDateTime": "@formatDateTime(utcNow())",
                      "body/dueDateTime": "@variables('ConvertStartDate')",
                      "body/assignments": "@outputs('Get_item_-_Get_automate_settings')?['body/ITAdminEmail']"
                    },
                    "host": {
                      "apiId": "/providers/Microsoft.PowerApps/apis/shared_planner",
                      "operationId": "CreateTask_V4",
                      "connectionName": "shared_planner-1"
                    }
                  }
                },
                "Send_an_email_to_equipment_manager": {
                  "runAfter": {
                    "Create_a_task_-_Raise_equipment_order": [
                      "Succeeded"
                    ]
                  },
                  "type": "OpenApiConnection",
                  "inputs": {
                    "parameters": {
                      "emailMessage/To": "@variables('EquipmentManager')",
                      "emailMessage/Subject": "New Starter equipment order request for: @{item()?['Firstname']} @{item()?['New_x0020_Starter_x0020__x003a__']}",
                      "emailMessage/Body": "<p class=\"editor-paragraph\">Hi,<br><br>A new starter, @{item()?['UserDisplay']} is joining the company on: @{item()?['Leave_x0020_date']}<br>To ensure a smooth onboarding please order the following equipment to arrive 1 week before the start date.</p><br><p class=\"editor-paragraph\">Devices:@{variables('DeviceList')}<br>Department:@{item()?['Department']?['Value']}<br>Role: @{item()?['JobTitle']}<br>Persona: @{item()?['Select_x0020_User']?['DisplayName']}<br>Manager Email:@{item()?['ManagerEmail']}<br><br><br>Thank you<br>HR Onboarding</p>",
                      "emailMessage/Cc": "@item()?['Author/Email']",
                      "emailMessage/Importance": "Normal"
                    },
                    "host": {
                      "apiId": "/providers/Microsoft.PowerApps/apis/shared_office365",
                      "operationId": "SendEmailV2",
                      "connectionName": "shared_office365"
                    }
                  }
                }
              },
              "runAfter": {
                "Condition_is_TeamsFunction_switched_on": [
                  "Succeeded"
                ]
              },
              "else": {
                "actions": {}
              },
              "expression": {
                "and": [
                  {
                    "equals": [
                      "@outputs('Get_item_-_Get_automate_settings')?['body/UsePlanner']?['Value']",
                      "Yes"
                    ]
                  }
                ]
              },
              "type": "If"
            },
            "Set_persona_default": {
              "runAfter": {
                "Set_entraID": [
                  "Succeeded"
                ]
              },
              "type": "SetVariable",
              "inputs": {
                "name": "persona",
                "value": "@variables('perosnaStandard')"
              }
            }
          },
          "runAfter": {
            "Parse_JSON": [
              "Succeeded"
            ]
          },
          "type": "Foreach"
        },
        "Initialize_variable_upnindex": {
          "runAfter": {
            "Initialize_variable_-_TAP": [
              "Succeeded"
            ]
          },
          "type": "InitializeVariable",
          "inputs": {
            "variables": [
              {
                "name": "upnindex",
                "type": "integer"
              }
            ]
          }
        },
        "Parse_JSON": {
          "runAfter": {
            "Get_Approved_new_starters": [
              "Succeeded"
            ]
          },
          "type": "ParseJson",
          "inputs": {
            "content": "@body('Get_Approved_new_starters')",
            "schema": {
              "type": "object",
              "properties": {
                "statusCode": {
                  "type": "integer"
                },
                "headers": {
                  "type": "object",
                  "properties": {
                    "Cache-Control": {
                      "type": "string"
                    },
                    "Transfer-Encoding": {
                      "type": "string"
                    },
                    "Vary": {
                      "type": "string"
                    },
                    "X-NetworkStatistics": {
                      "type": "string"
                    },
                    "X-SharePointHealthScore": {
                      "type": "string"
                    },
                    "X-MS-SPConnector": {
                      "type": "string"
                    },
                    "X-SP-SERVERSTATE": {
                      "type": "string"
                    },
                    "DATASERVICEVERSION": {
                      "type": "string"
                    },
                    "SPClientServiceRequestDuration": {
                      "type": "string"
                    },
                    "IsOCDI": {
                      "type": "string"
                    },
                    "X-DataBoundary": {
                      "type": "string"
                    },
                    "X-1DSCollectorUrl": {
                      "type": "string"
                    },
                    "X-AriaCollectorURL": {
                      "type": "string"
                    },
                    "SPRequestGuid": {
                      "type": "string"
                    },
                    "request-id": {
                      "type": "string"
                    },
                    "MS-CV": {
                      "type": "string"
                    },
                    "SPLogId": {
                      "type": "string"
                    },
                    "Alt-Svc": {
                      "type": "string"
                    },
                    "Strict-Transport-Security": {
                      "type": "string"
                    },
                    "X-Frame-Options": {
                      "type": "string"
                    },
                    "Content-Security-Policy": {
                      "type": "string"
                    },
                    "MicrosoftSharePointTeamServices": {
                      "type": "string"
                    },
                    "X-Content-Type-Options": {
                      "type": "string"
                    },
                    "X-MS-InvokeApp": {
                      "type": "string"
                    },
                    "P3P": {
                      "type": "string"
                    },
                    "X-AspNet-Version": {
                      "type": "string"
                    },
                    "X-Powered-By": {
                      "type": "string"
                    },
                    "x-ms-environment-id": {
                      "type": "string"
                    },
                    "x-ms-tenant-id": {
                      "type": "string"
                    },
                    "x-ms-dlp-re": {
                      "type": "string"
                    },
                    "x-ms-dlp-gu": {
                      "type": "string"
                    },
                    "x-ms-dlp-ef": {
                      "type": "string"
                    },
                    "Timing-Allow-Origin": {
                      "type": "string"
                    },
                    "x-ms-apihub-cached-response": {
                      "type": "string"
                    },
                    "x-ms-apihub-obo": {
                      "type": "string"
                    },
                    "Date": {
                      "type": "string"
                    },
                    "Content-Type": {
                      "type": "string"
                    },
                    "Expires": {
                      "type": "string"
                    },
                    "Last-Modified": {
                      "type": "string"
                    },
                    "Content-Length": {
                      "type": "string"
                    }
                  }
                },
                "body": {
                  "type": "object",
                  "properties": {
                    "value": {
                      "type": "array",
                      "items": {
                        "type": "object",
                        "properties": {
                          "@@odata.etag": {
                            "type": "string"
                          },
                          "ItemInternalId": {
                            "type": "string"
                          },
                          "ID": {
                            "type": "integer"
                          },
                          "UserAction": {
                            "type": "object",
                            "properties": {
                              "@@odata.type": {
                                "type": "string"
                              },
                              "Id": {
                                "type": "integer"
                              },
                              "Value": {
                                "type": "string"
                              }
                            }
                          },
                          "UserAction#Id": {
                            "type": "integer"
                          },
                          "status": {
                            "type": "object",
                            "properties": {
                              "@@odata.type": {
                                "type": "string"
                              },
                              "Id": {
                                "type": "integer"
                              },
                              "Value": {
                                "type": "string"
                              }
                            }
                          },
                          "status#Id": {
                            "type": "integer"
                          },
                          "Leave_x0020_date": {
                            "type": "string"
                          },
                          "Firstname": {
                            "type": "string"
                          },
                          "New_x0020_Starter_x0020__x003a__": {
                            "type": "string"
                          },
                          "UserEmail": {
                            "type": "string"
                          },
                          "Completedon": {
                            "type": "string"
                          },
                          "DisplayName": {
                            "type": "string"
                          },
                          "UserPrincipalName": {
                            "type": "string"
                          },
                          "JobTitle": {
                            "type": "string"
                          },
                          "Select_x0020_User": {
                            "type": "object",
                            "properties": {
                              "@@odata.type": {
                                "type": "string"
                              },
                              "Claims": {
                                "type": "string"
                              },
                              "DisplayName": {
                                "type": "string"
                              },
                              "Email": {},
                              "Picture": {},
                              "Department": {},
                              "JobTitle": {}
                            }
                          },
                          "Select_x0020_User#Claims": {
                            "type": "string"
                          },
                          "EmployeeNumber": {
                            "type": "integer"
                          },
                          "Department": {
                            "type": "object",
                            "properties": {
                              "@@odata.type": {
                                "type": "string"
                              },
                              "Id": {
                                "type": "integer"
                              },
                              "Value": {
                                "type": "string"
                              }
                            }
                          },
                          "Department#Id": {
                            "type": "integer"
                          },
                          "UserDisplay": {
                            "type": "string"
                          },
                          "MailNickname": {
                            "type": "string"
                          },
                          "Mentor": {
                            "type": "object",
                            "properties": {
                              "@@odata.type": {
                                "type": "string"
                              },
                              "Claims": {
                                "type": "string"
                              },
                              "DisplayName": {
                                "type": "string"
                              },
                              "Email": {
                                "type": "string"
                              },
                              "Picture": {
                                "type": "string"
                              },
                              "Department": {
                                "type": "string"
                              },
                              "JobTitle": {
                                "type": "string"
                              }
                            }
                          },
                          "Mentor#Claims": {
                            "type": "string"
                          },
                          "ManagerEmail": {
                            "type": "string"
                          },
                          "Assetenrolled": {
                            "type": "object",
                            "properties": {
                              "@@odata.type": {
                                "type": "string"
                              },
                              "Id": {
                                "type": "integer"
                              },
                              "Value": {
                                "type": "string"
                              }
                            }
                          },
                          "Assetenrolled#Id": {
                            "type": "integer"
                          },
                          "Notifications": {
                            "type": "string"
                          },
                          "EquipmentOrder": {
                            "type": "object",
                            "properties": {
                              "@@odata.type": {
                                "type": "string"
                              },
                              "Id": {
                                "type": "integer"
                              },
                              "Value": {
                                "type": "string"
                              }
                            }
                          },
                          "EquipmentOrder#Id": {
                            "type": "integer"
                          },
                          "PersonalEmail": {
                            "type": "string"
                          },
                          "Complete": {
                            "type": "boolean"
                          },
                          "AdminUser": {
                            "type": "object",
                            "properties": {
                              "@@odata.type": {
                                "type": "string"
                              },
                              "Id": {
                                "type": "integer"
                              },
                              "Value": {
                                "type": "string"
                              }
                            }
                          },
                          "AdminUser#Id": {
                            "type": "integer"
                          },
                          "UPNIndex": {
                            "type": "integer"
                          },
                          "Created": {
                            "type": "string"
                          },
                          "Windows_x0020_365": {
                            "type": "boolean"
                          },
                          "Temporary_x0020_Password": {
                            "type": "boolean"
                          },
                          "Modified": {
                            "type": "string"
                          },
                          "Author": {
                            "type": "object",
                            "properties": {
                              "@@odata.type": {
                                "type": "string"
                              },
                              "Claims": {
                                "type": "string"
                              },
                              "DisplayName": {
                                "type": "string"
                              },
                              "Email": {
                                "type": "string"
                              },
                              "Picture": {
                                "type": "string"
                              },
                              "Department": {
                                "type": "string"
                              },
                              "JobTitle": {
                                "type": "string"
                              }
                            }
                          },
                          "Author#Claims": {
                            "type": "string"
                          },
                          "Editor": {
                            "type": "object",
                            "properties": {
                              "@@odata.type": {
                                "type": "string"
                              },
                              "Claims": {
                                "type": "string"
                              },
                              "DisplayName": {
                                "type": "string"
                              },
                              "Email": {
                                "type": "string"
                              },
                              "Picture": {
                                "type": "string"
                              },
                              "Department": {
                                "type": "string"
                              },
                              "JobTitle": {
                                "type": "string"
                              }
                            }
                          },
                          "Editor#Claims": {
                            "type": "string"
                          },
                          "{Identifier}": {
                            "type": "string"
                          },
                          "{IsFolder}": {
                            "type": "boolean"
                          },
                          "{Thumbnail}": {
                            "type": "object",
                            "properties": {
                              "Large": {},
                              "Medium": {},
                              "Small": {}
                            }
                          },
                          "{Link}": {
                            "type": "string"
                          },
                          "{Name}": {
                            "type": "string"
                          },
                          "{FilenameWithExtension}": {
                            "type": "string"
                          },
                          "{Path}": {
                            "type": "string"
                          },
                          "{FullPath}": {
                            "type": "string"
                          },
                          "{ContentType}": {
                            "type": "object",
                            "properties": {
                              "@@odata.type": {
                                "type": "string"
                              },
                              "Id": {
                                "type": "string"
                              },
                              "Name": {
                                "type": "string"
                              }
                            }
                          },
                          "{ContentType}#Id": {
                            "type": "string"
                          },
                          "{HasAttachments}": {
                            "type": "boolean"
                          },
                          "{VersionNumber}": {
                            "type": "string"
                          }
                        },
                        "required": [
                          "@@odata.etag",
                          "ItemInternalId",
                          "ID",
                          "UserAction",
                          "UserAction#Id",
                          "status",
                          "status#Id",
                          "Leave_x0020_date",
                          "Firstname",
                          "New_x0020_Starter_x0020__x003a__",
                          "UserEmail",
                          "Completedon",
                          "DisplayName",
                          "UserPrincipalName",
                          "JobTitle",
                          "Select_x0020_User",
                          "Select_x0020_User#Claims",
                          "EmployeeNumber",
                          "Department",
                          "Department#Id",
                          "UserDisplay",
                          "MailNickname",
                          "Mentor",
                          "Mentor#Claims",
                          "ManagerEmail",
                          "Assetenrolled",
                          "Assetenrolled#Id",
                          "Notifications",
                          "EquipmentOrder",
                          "EquipmentOrder#Id",
                          "PersonalEmail",
                          "Complete",
                          "AdminUser",
                          "AdminUser#Id",
                          "UPNIndex",
                          "Created",
                          "Windows_x0020_365",
                          "Temporary_x0020_Password",
                          "Modified",
                          "Author",
                          "Author#Claims",
                          "Editor",
                          "Editor#Claims",
                          "{Identifier}",
                          "{IsFolder}",
                          "{Thumbnail}",
                          "{Link}",
                          "{Name}",
                          "{FilenameWithExtension}",
                          "{Path}",
                          "{FullPath}",
                          "{ContentType}",
                          "{ContentType}#Id",
                          "{HasAttachments}",
                          "{VersionNumber}"
                        ]
                      }
                    }
                  }
                }
              }
            }
          }
        },
        "Initialize_upn": {
          "runAfter": {
            "Initialize_variable_upnindex": [
              "Succeeded"
            ]
          },
          "type": "InitializeVariable",
          "inputs": {
            "variables": [
              {
                "name": "upn",
                "type": "string"
              }
            ]
          }
        },
        "Initialize_Entraidupn": {
          "runAfter": {
            "Initialize_upn": [
              "Succeeded"
            ]
          },
          "type": "InitializeVariable",
          "inputs": {
            "variables": [
              {
                "name": "entraidupn",
                "type": "string"
              }
            ]
          }
        },
        "Initialize_NewUPNIndex": {
          "runAfter": {
            "Initialize_Entraidupn": [
              "Succeeded"
            ]
          },
          "type": "InitializeVariable",
          "inputs": {
            "variables": [
              {
                "name": "NewUPNIndex",
                "type": "integer"
              }
            ]
          }
        },
        "Initialize_Department": {
          "runAfter": {
            "Initialize_NewUPNIndex": [
              "Succeeded"
            ]
          },
          "type": "InitializeVariable",
          "inputs": {
            "variables": [
              {
                "name": "department",
                "type": "string"
              }
            ]
          }
        },
        "Initialize_New_Email": {
          "runAfter": {
            "Initialize_Department": [
              "Succeeded"
            ]
          },
          "type": "InitializeVariable",
          "inputs": {
            "variables": [
              {
                "name": "NewEmail",
                "type": "string"
              }
            ]
          }
        },
        "Initialize_domain": {
          "runAfter": {
            "Initialize_variable_-_Intune_License_group": [
              "Succeeded"
            ]
          },
          "type": "InitializeVariable",
          "inputs": {
            "variables": [
              {
                "name": "VarDomian",
                "type": "string",
                "value": "kumonix.com"
              }
            ]
          }
        },
        "Initialize_Persona": {
          "runAfter": {
            "Initialize_domain": [
              "Succeeded"
            ]
          },
          "type": "InitializeVariable",
          "inputs": {
            "variables": [
              {
                "name": "persona",
                "type": "string"
              }
            ]
          }
        },
        "Initialize_entraID": {
          "runAfter": {
            "Initialize_Persona": [
              "Succeeded"
            ]
          },
          "type": "InitializeVariable",
          "inputs": {
            "variables": [
              {
                "name": "entraID",
                "type": "string"
              }
            ]
          }
        },
        "Initialize_persona_standard": {
          "runAfter": {
            "Initialize_entraID": [
              "Succeeded"
            ]
          },
          "type": "InitializeVariable",
          "inputs": {
            "variables": [
              {
                "name": "perosnaStandard",
                "type": "string",
                "value": "0b0ed5a9-4867-47a6-87e6-94fde7e931e9"
              }
            ]
          },
          "description": "Initialize to the objectid of the Intune standard persona group"
        },
        "Initialize_EquipmentManager": {
          "runAfter": {
            "Initialize_variable_-_ConvertStartDate": [
              "Succeeded"
            ]
          },
          "type": "InitializeVariable",
          "inputs": {
            "variables": [
              {
                "name": "EquipmentManager",
                "type": "string",
                "value": "andy.jones@kumonix.com"
              }
            ]
          }
        },
        "Initialize_Temppassword": {
          "runAfter": {
            "Initialize_EquipmentManager": [
              "Succeeded"
            ]
          },
          "type": "InitializeVariable",
          "inputs": {
            "variables": [
              {
                "name": "TempPassword",
                "type": "string"
              }
            ]
          }
        },
        "Initialize_variable__-_new_record_manager_upn": {
          "runAfter": {
            "Initialize_Temppassword": [
              "Succeeded"
            ]
          },
          "type": "InitializeVariable",
          "inputs": {
            "variables": [
              {
                "name": "NewManagerUPN",
                "type": "string"
              }
            ]
          }
        },
        "Get_item_-_Get_automate_settings": {
          "runAfter": {},
          "type": "OpenApiConnection",
          "inputs": {
            "parameters": {
              "dataset": "@parameters('VarAutomateList (new_VarAutomateList)')",
              "table": "@parameters('VarAutomateSettingsListName (new_VarAutomateSettingsListName)')",
              "id": 1
            },
            "host": {
              "apiId": "/providers/Microsoft.PowerApps/apis/shared_sharepointonline",
              "operationId": "GetItem",
              "connectionName": "shared_sharepointonline"
            }
          }
        },
        "Initialize_variable_-_ConvertStartDate": {
          "runAfter": {
            "Initialize_persona_standard": [
              "Succeeded"
            ]
          },
          "type": "InitializeVariable",
          "inputs": {
            "variables": [
              {
                "name": "ConvertStartDate",
                "type": "string"
              }
            ]
          }
        },
        "Initialize_variable_-_Intune_License_group": {
          "runAfter": {
            "Initialize_New_Email": [
              "Succeeded"
            ]
          },
          "type": "InitializeVariable",
          "inputs": {
            "variables": [
              {
                "name": "IntuneLicenceGroup",
                "type": "string",
                "value": "47a3728d-0390-4bc0-a6a3-5f4f9569ef7b"
              }
            ]
          }
        },
        "Initialize_variable_-_TAP": {
          "runAfter": {
            "Get_item_-_Get_automate_settings": [
              "Succeeded"
            ]
          },
          "type": "InitializeVariable",
          "inputs": {
            "variables": [
              {
                "name": "TAP",
                "type": "string"
              }
            ]
          }
        },
        "Initialize_variable_-_onboardID": {
          "runAfter": {
            "Initialize_variable__-_new_record_manager_upn": [
              "Succeeded"
            ]
          },
          "type": "InitializeVariable",
          "inputs": {
            "variables": [
              {
                "name": "onboardID",
                "type": "integer"
              }
            ]
          }
        },
        "Initialize_variable_workflowID": {
          "runAfter": {
            "Initialize_variable_-_onboardID": [
              "Succeeded"
            ]
          },
          "type": "InitializeVariable",
          "inputs": {
            "variables": [
              {
                "name": "WorkflowID",
                "type": "integer"
              }
            ]
          }
        },
        "Initialize_variable_DeviceList": {
          "runAfter": {
            "Initialize_variable_workflowID": [
              "Succeeded"
            ]
          },
          "type": "InitializeVariable",
          "inputs": {
            "variables": [
              {
                "name": "DeviceList",
                "type": "string"
              }
            ]
          }
        },
        "Initialize_variable_DeveiceItem": {
          "runAfter": {
            "Initialize_variable_DeviceList": [
              "Succeeded"
            ]
          },
          "type": "InitializeVariable",
          "inputs": {
            "variables": [
              {
                "name": "DeviceItem",
                "type": "string"
              }
            ]
          }
        }
      }
    },
    "templateName": null
  },
  "schemaVersion": "1.0.0.0"
}