{
  "properties": {
    "connectionReferences": {
      "shared_sharepointonline": {
        "runtimeSource": "embedded",
        "connection": {
          "connectionReferenceLogicalName": "cr23a_sharedsharepointonline_1d640"
        },
        "api": {
          "name": "shared_sharepointonline"
        }
      },
      "shared_office365groups": {
        "runtimeSource": "embedded",
        "connection": {
          "connectionReferenceLogicalName": "new_sharedoffice365groups_c2153"
        },
        "api": {
          "name": "shared_office365groups"
        }
      }
    },
    "definition": {
      "$schema": "https://schema.management.azure.com/providers/Microsoft.Logic/schemas/2016-06-01/workflowdefinition.json#",
      "contentVersion": "1.0.0.0",
      "parameters": {
        "$authentication": {
          "defaultValue": {},
          "type": "SecureObject"
        },
        "$connections": {
          "defaultValue": {},
          "type": "Object"
        },
        "VarAutomateList (new_VarAutomateList)": {
          "defaultValue": "https://kumonixtech.sharepoint.com/sites/IntuneHRFlow22",
          "type": "String",
          "metadata": {
            "schemaName": "new_VarAutomateList",
            "description": "Variable for the automateSettings Sharepoint site address"
          }
        }
      },
      "triggers": {
        "When_a_new_onboarding_item_is_created": {
          "recurrence": {
            "frequency": "Minute",
            "interval": 1
          },
          "splitOn": "@triggerOutputs()?['body/value']",
          "type": "OpenApiConnection",
          "inputs": {
            "parameters": {
              "dataset": "https://kumonixtech.sharepoint.com/sites/IntuneHRFlow22",
              "table": "c8614b57-1bfc-471a-9d2b-898bcf9b8b7f"
            },
            "host": {
              "apiId": "/providers/Microsoft.PowerApps/apis/shared_sharepointonline",
              "operationId": "GetOnNewItems",
              "connectionName": "shared_sharepointonline"
            }
          }
        }
      },
      "actions": {
        "Parse_JSON": {
          "runAfter": {},
          "type": "ParseJson",
          "inputs": {
            "content": "@triggerBody()",
            "schema": {
              "type": "object",
              "properties": {
                "@@odata.etag": {
                  "type": "string"
                },
                "ItemInternalId": {
                  "type": "string"
                },
                "ID": {
                  "type": "integer"
                },
                "UserAction": {
                  "type": "object",
                  "properties": {
                    "@@odata.type": {
                      "type": "string"
                    },
                    "Id": {
                      "type": "integer"
                    },
                    "Value": {
                      "type": "string"
                    }
                  }
                },
                "UserAction#Id": {
                  "type": "integer"
                },
                "status": {
                  "type": "object",
                  "properties": {
                    "@@odata.type": {
                      "type": "string"
                    },
                    "Id": {
                      "type": "integer"
                    },
                    "Value": {
                      "type": "string"
                    }
                  }
                },
                "status#Id": {
                  "type": "integer"
                },
                "Firstname": {
                  "type": "string"
                },
                "New_x0020_Starter_x0020__x003a__": {
                  "type": "string"
                },
                "UserEmail": {
                  "type": "string"
                },
                "Completedon": {
                  "type": "string"
                },
                "DisplayName": {
                  "type": "string"
                },
                "UserPrincipalName": {
                  "type": "string"
                },
                "JobTitle": {
                  "type": "string"
                },
                "Select_x0020_User": {
                  "type": "object",
                  "properties": {
                    "@@odata.type": {
                      "type": "string"
                    },
                    "Claims": {
                      "type": "string"
                    },
                    "DisplayName": {
                      "type": "string"
                    }
                  }
                },
                "Select_x0020_User#Claims": {
                  "type": "string"
                },
                "EmployeeNumber": {
                  "type": "integer"
                },
                "Department": {
                  "type": "object",
                  "properties": {
                    "@@odata.type": {
                      "type": "string"
                    },
                    "Id": {
                      "type": "integer"
                    },
                    "Value": {
                      "type": "string"
                    }
                  }
                },
                "Department#Id": {
                  "type": "integer"
                },
                "UserDisplay": {
                  "type": "string"
                },
                "Leave_x0020_date": {
                  "type": "string"
                },
                "MailNickname": {
                  "type": "string"
                },
                "Mentor": {
                  "type": "object",
                  "properties": {
                    "@@odata.type": {
                      "type": "string"
                    },
                    "Claims": {
                      "type": "string"
                    },
                    "DisplayName": {
                      "type": "string"
                    },
                    "Email": {
                      "type": "string"
                    },
                    "Picture": {
                      "type": "string"
                    }
                  }
                },
                "Mentor#Claims": {
                  "type": "string"
                },
                "ManagerEmail": {
                  "type": "string"
                },
                "Assetenrolled": {
                  "type": "object",
                  "properties": {
                    "@@odata.type": {
                      "type": "string"
                    },
                    "Id": {
                      "type": "integer"
                    },
                    "Value": {
                      "type": "string"
                    }
                  }
                },
                "Assetenrolled#Id": {
                  "type": "integer"
                },
                "Notifications": {
                  "type": "string"
                },
                "EquipmentOrder": {
                  "type": "object",
                  "properties": {
                    "@@odata.type": {
                      "type": "string"
                    },
                    "Id": {
                      "type": "integer"
                    },
                    "Value": {
                      "type": "string"
                    }
                  }
                },
                "EquipmentOrder#Id": {
                  "type": "integer"
                },
                "PersonalEmail": {
                  "type": "string"
                },
                "Windows365": {
                  "type": "string"
                },
                "Complete": {
                  "type": "boolean"
                },
                "AdminUser": {
                  "type": "object",
                  "properties": {
                    "@@odata.type": {
                      "type": "string"
                    },
                    "Id": {
                      "type": "integer"
                    },
                    "Value": {
                      "type": "string"
                    }
                  }
                },
                "AdminUser#Id": {
                  "type": "integer"
                },
                "UPNIndex": {
                  "type": "integer"
                },
                "Modified": {
                  "type": "string"
                },
                "Created": {
                  "type": "string"
                },
                "Author": {
                  "type": "object",
                  "properties": {
                    "@@odata.type": {
                      "type": "string"
                    },
                    "Claims": {
                      "type": "string"
                    },
                    "DisplayName": {
                      "type": "string"
                    },
                    "Email": {
                      "type": "string"
                    },
                    "Picture": {
                      "type": "string"
                    },
                    "Department": {},
                    "JobTitle": {}
                  }
                },
                "Author#Claims": {
                  "type": "string"
                },
                "Editor": {
                  "type": "object",
                  "properties": {
                    "@@odata.type": {
                      "type": "string"
                    },
                    "Claims": {
                      "type": "string"
                    },
                    "DisplayName": {
                      "type": "string"
                    },
                    "Email": {
                      "type": "string"
                    },
                    "Picture": {
                      "type": "string"
                    },
                    "Department": {},
                    "JobTitle": {}
                  }
                },
                "Editor#Claims": {
                  "type": "string"
                },
                "{Identifier}": {
                  "type": "string"
                },
                "{IsFolder}": {
                  "type": "boolean"
                },
                "{Thumbnail}": {
                  "type": "object",
                  "properties": {
                    "Large": {},
                    "Medium": {},
                    "Small": {}
                  }
                },
                "{Link}": {
                  "type": "string"
                },
                "{Name}": {
                  "type": "string"
                },
                "{FilenameWithExtension}": {
                  "type": "string"
                },
                "{Path}": {
                  "type": "string"
                },
                "{FullPath}": {
                  "type": "string"
                },
                "{ContentType}": {
                  "type": "object",
                  "properties": {
                    "@@odata.type": {
                      "type": "string"
                    },
                    "Id": {
                      "type": "string"
                    },
                    "Name": {
                      "type": "string"
                    }
                  }
                },
                "{ContentType}#Id": {
                  "type": "string"
                },
                "{HasAttachments}": {
                  "type": "boolean"
                },
                "{VersionNumber}": {
                  "type": "string"
                },
                "{TriggerWindowStartToken}": {
                  "type": "string"
                },
                "{TriggerWindowEndToken}": {
                  "type": "string"
                }
              }
            }
          }
        },
        "Condition_-_where_status_eq_format": {
          "actions": {
            "Compose_onboarding_ID": {
              "type": "Compose",
              "inputs": "@body('Parse_JSON')?['ID']"
            },
            "Compose_firstname": {
              "runAfter": {
                "Compose_onboarding_ID": [
                  "Succeeded"
                ]
              },
              "type": "Compose",
              "inputs": "@trim(concat(toUpper(substring(triggerOutputs()?['body/FirstName'], 0, 1)), substring(toLower(triggerOutputs()?['body/FirstName']), 1)))\n"
            },
            "Compose_surname": {
              "runAfter": {
                "Compose_firstname": [
                  "Succeeded"
                ]
              },
              "type": "Compose",
              "inputs": "@trim(concat(toUpper(substring(triggerOutputs()?['body/New_x0020_Starter_x0020__x003a__'], 0, 1)), substring(toLower(triggerOutputs()?['body/New_x0020_Starter_x0020__x003a__']), 1)))\n"
            },
            "Get_item_automate_settings": {
              "runAfter": {
                "Compose_surname": [
                  "Succeeded"
                ]
              },
              "type": "OpenApiConnection",
              "inputs": {
                "parameters": {
                  "dataset": "@parameters('VarAutomateList (new_VarAutomateList)')",
                  "table": "86cb4547-f9ef-41d8-85b9-64df24df8b24",
                  "id": 1
                },
                "host": {
                  "apiId": "/providers/Microsoft.PowerApps/apis/shared_sharepointonline",
                  "operationId": "GetItem",
                  "connectionName": "shared_sharepointonline"
                }
              }
            },
            "Compose_UserDisplay": {
              "runAfter": {
                "Get_item_automate_settings": [
                  "Succeeded"
                ]
              },
              "type": "Compose",
              "inputs": "@concat(outputs('Compose_firstname'), ' ', outputs('Compose_surname'))"
            },
            "Compose_manager_email": {
              "runAfter": {
                "Compose_UserDisplay": [
                  "Succeeded"
                ]
              },
              "type": "Compose",
              "inputs": "@body('Parse_JSON')?['Mentor']?['Email']"
            },
            "Compose_UserEmail": {
              "runAfter": {
                "Compose_manager_email": [
                  "Succeeded"
                ]
              },
              "type": "Compose",
              "inputs": "@trim(concat(outputs('Compose_firstname'), outputs('Compose_surname'), '@', outputs('Get_item_automate_settings')?['body/domain']))"
            },
            "Compose_first_letter_of_surname": {
              "runAfter": {
                "Compose_UserEmail": [
                  "Succeeded"
                ]
              },
              "type": "Compose",
              "inputs": "@toUpper(substring(outputs('Compose_surname'), 0, 1))"
            },
            "Compose_mail_nickname": {
              "runAfter": {
                "Compose_first_letter_of_surname": [
                  "Succeeded"
                ]
              },
              "type": "Compose",
              "inputs": "@{outputs('Compose_firstname')}@{toUpper(substring(outputs('Compose_surname'), 0, 1))}"
            },
            "List_groups": {
              "runAfter": {
                "Compose_mail_nickname": [
                  "Succeeded"
                ]
              },
              "type": "OpenApiConnection",
              "inputs": {
                "parameters": {
                  "$filter": "DisplayName eq 'standard persona'"
                },
                "host": {
                  "apiId": "/providers/Microsoft.PowerApps/apis/shared_office365groups",
                  "operationId": "ListGroups",
                  "connectionName": "shared_office365groups"
                }
              }
            },
            "For_each_1": {
              "foreach": "@outputs('List_groups')?['body/value']",
              "actions": {
                "Update_item_-_onboarding_record_with_re-formatted_values": {
                  "type": "OpenApiConnection",
                  "inputs": {
                    "parameters": {
                      "dataset": "https://kumonixtech.sharepoint.com/sites/IntuneHRFlow22",
                      "table": "c8614b57-1bfc-471a-9d2b-898bcf9b8b7f",
                      "id": "@outputs('Compose_onboarding_ID')",
                      "item/Firstname": "@outputs('Compose_firstname')",
                      "item/New_x0020_Starter_x0020__x003a__": "@outputs('Compose_surname')",
                      "item/status/Value": "Approved",
                      "item/UserEmail": "@outputs('Compose_UserEmail')",
                      "item/DisplayName": "@outputs('Compose_UserDisplay')",
                      "item/UserPrincipalName": "@outputs('Compose_UserEmail')",
                      "item/UserDisplay": "@outputs('Compose_UserDisplay')",
                      "item/MailNickname": "@outputs('Compose_mail_nickname')",
                      "item/ManagerEmail": "@outputs('Compose_manager_email')",
                      "item": {
                        "Firstname": "@{outputs('Compose_firstname')}",
                        "New_x0020_Starter_x0020__x003a__": "@{outputs('Compose_surname')}",
                        "UserPrincipalName": "@{outputs('Compose_UserEmail')}",
                        "DisplayName": "@{outputs('Compose_UserDisplay')}",
                        "UserDisplay": "@{outputs('Compose_UserDisplay')}",
                        "MailNickname": "@{outputs('Compose_mail_nickname')}",
                        "ManagerEmail": "@{outputs('Compose_manager_email')}",
                        "UserEmail": "@{outputs('Compose_UserEmail')}",
                        "status": {
                          "Value": "Approved"
                        }
                      }
                    },
                    "host": {
                      "apiId": "/providers/Microsoft.PowerApps/apis/shared_sharepointonline",
                      "operationId": "PatchItem",
                      "connectionName": "shared_sharepointonline"
                    }
                  }
                }
              },
              "runAfter": {
                "List_groups": [
                  "Succeeded"
                ]
              },
              "type": "Foreach"
            }
          },
          "runAfter": {
            "Parse_JSON": [
              "Succeeded"
            ]
          },
          "else": {
            "actions": {}
          },
          "expression": {
            "and": [
              {
                "equals": [
                  "@body('Parse_JSON')?['status']?['Value']",
                  "Format"
                ]
              }
            ]
          },
          "type": "If"
        }
      },
      "outputs": {}
    },
    "templateName": null
  },
  "schemaVersion": "1.0.0.0"
}