{
  "properties": {
    "connectionReferences": {
      "shared_sharepointonline": {
        "runtimeSource": "embedded",
        "connection": {
          "connectionReferenceLogicalName": "cr23a_sharedsharepointonline_1d640"
        },
        "api": {
          "name": "shared_sharepointonline"
        }
      }
    },
    "definition": {
      "$schema": "https://schema.management.azure.com/providers/Microsoft.Logic/schemas/2016-06-01/workflowdefinition.json#",
      "contentVersion": "1.0.0.0",
      "parameters": {
        "$authentication": {
          "defaultValue": {},
          "type": "SecureObject"
        },
        "$connections": {
          "defaultValue": {},
          "type": "Object"
        },
        "VarAutomateList (new_VarAutomateList)": {
          "defaultValue": "https://kumonixtech.sharepoint.com/sites/IntuneHRFlow22",
          "type": "String",
          "metadata": {
            "schemaName": "new_VarAutomateList",
            "description": "Variable for the automateSettings Sharepoint site address"
          }
        }
      },
      "triggers": {
        "When_a_new_offboarding_item_is_created": {
          "recurrence": {
            "frequency": "Minute",
            "interval": 1
          },
          "splitOn": "@triggerOutputs()?['body/value']",
          "type": "OpenApiConnection",
          "inputs": {
            "parameters": {
              "dataset": "@parameters('VarAutomateList (new_VarAutomateList)')",
              "table": "2056d260-fa90-48c1-bce3-4ab5dfa0e55f"
            },
            "host": {
              "apiId": "/providers/Microsoft.PowerApps/apis/shared_sharepointonline",
              "operationId": "GetOnNewItems",
              "connectionName": "shared_sharepointonline"
            }
          }
        }
      },
      "actions": {
        "Parse_JSON": {
          "runAfter": {
            "Initialize_variable-managerEmail": [
              "Succeeded"
            ]
          },
          "type": "ParseJson",
          "inputs": {
            "content": "@triggerBody()",
            "schema": {
              "type": "object",
              "properties": {
                "headers": {
                  "type": "object",
                  "properties": {
                    "Cache-Control": {
                      "type": "string"
                    },
                    "Transfer-Encoding": {
                      "type": "string"
                    },
                    "Location": {
                      "type": "string"
                    },
                    "Retry-After": {
                      "type": "string"
                    },
                    "Vary": {
                      "type": "string"
                    },
                    "X-NetworkStatistics": {
                      "type": "string"
                    },
                    "X-SharePointHealthScore": {
                      "type": "string"
                    },
                    "X-MS-SPConnector": {
                      "type": "string"
                    },
                    "X-SP-SERVERSTATE": {
                      "type": "string"
                    },
                    "DATASERVICEVERSION": {
                      "type": "string"
                    },
                    "SPClientServiceRequestDuration": {
                      "type": "string"
                    },
                    "IsOCDI": {
                      "type": "string"
                    },
                    "X-DataBoundary": {
                      "type": "string"
                    },
                    "X-1DSCollectorUrl": {
                      "type": "string"
                    },
                    "X-AriaCollectorURL": {
                      "type": "string"
                    },
                    "SPRequestGuid": {
                      "type": "string"
                    },
                    "request-id": {
                      "type": "string"
                    },
                    "MS-CV": {
                      "type": "string"
                    },
                    "SPLogId": {
                      "type": "string"
                    },
                    "Alt-Svc": {
                      "type": "string"
                    },
                    "Strict-Transport-Security": {
                      "type": "string"
                    },
                    "X-Frame-Options": {
                      "type": "string"
                    },
                    "Content-Security-Policy": {
                      "type": "string"
                    },
                    "MicrosoftSharePointTeamServices": {
                      "type": "string"
                    },
                    "X-Content-Type-Options": {
                      "type": "string"
                    },
                    "X-MS-InvokeApp": {
                      "type": "string"
                    },
                    "P3P": {
                      "type": "string"
                    },
                    "X-AspNet-Version": {
                      "type": "string"
                    },
                    "X-Powered-By": {
                      "type": "string"
                    },
                    "x-ms-environment-id": {
                      "type": "string"
                    },
                    "x-ms-tenant-id": {
                      "type": "string"
                    },
                    "x-ms-dlp-re": {
                      "type": "string"
                    },
                    "x-ms-dlp-gu": {
                      "type": "string"
                    },
                    "x-ms-dlp-ef": {
                      "type": "string"
                    },
                    "Timing-Allow-Origin": {
                      "type": "string"
                    },
                    "x-ms-apihub-cached-response": {
                      "type": "string"
                    },
                    "x-ms-apihub-obo": {
                      "type": "string"
                    },
                    "Date": {
                      "type": "string"
                    },
                    "Content-Type": {
                      "type": "string"
                    },
                    "Expires": {
                      "type": "string"
                    },
                    "Last-Modified": {
                      "type": "string"
                    },
                    "Content-Length": {
                      "type": "string"
                    }
                  }
                },
                "body": {
                  "type": "object",
                  "properties": {
                    "@@odata.etag": {
                      "type": "string"
                    },
                    "ItemInternalId": {
                      "type": "string"
                    },
                    "ID": {
                      "type": "integer"
                    },
                    "status": {
                      "type": "object",
                      "properties": {
                        "@@odata.type": {
                          "type": "string"
                        },
                        "Id": {
                          "type": "integer"
                        },
                        "Value": {
                          "type": "string"
                        }
                      }
                    },
                    "status#Id": {
                      "type": "integer"
                    },
                    "DisplayName": {
                      "type": "object",
                      "properties": {
                        "@@odata.type": {
                          "type": "string"
                        },
                        "Id": {
                          "type": "integer"
                        },
                        "Value": {
                          "type": "string"
                        }
                      }
                    },
                    "DisplayName#Id": {
                      "type": "integer"
                    },
                    "Description": {
                      "type": "string"
                    },
                    "Completedon": {
                      "type": "string"
                    },
                    "Exitdate": {
                      "type": "string"
                    },
                    "DocsTransfer": {
                      "type": "string"
                    },
                    "EmailTransfer": {
                      "type": "string"
                    },
                    "AccountCancelled": {
                      "type": "string"
                    },
                    "Complete": {
                      "type": "boolean"
                    },
                    "Modified": {
                      "type": "string"
                    },
                    "Created": {
                      "type": "string"
                    },
                    "Author": {
                      "type": "object",
                      "properties": {
                        "@@odata.type": {
                          "type": "string"
                        },
                        "Claims": {
                          "type": "string"
                        },
                        "DisplayName": {
                          "type": "string"
                        },
                        "Email": {
                          "type": "string"
                        },
                        "Picture": {
                          "type": "string"
                        },
                        "Department": {
                          "type": "string"
                        },
                        "JobTitle": {
                          "type": "string"
                        }
                      }
                    },
                    "Author#Claims": {
                      "type": "string"
                    },
                    "Editor": {
                      "type": "object",
                      "properties": {
                        "@@odata.type": {
                          "type": "string"
                        },
                        "Claims": {
                          "type": "string"
                        },
                        "DisplayName": {
                          "type": "string"
                        },
                        "Email": {
                          "type": "string"
                        },
                        "Picture": {
                          "type": "string"
                        },
                        "Department": {
                          "type": "string"
                        },
                        "JobTitle": {
                          "type": "string"
                        }
                      }
                    },
                    "Editor#Claims": {
                      "type": "string"
                    },
                    "{Identifier}": {
                      "type": "string"
                    },
                    "{IsFolder}": {
                      "type": "boolean"
                    },
                    "{Thumbnail}": {
                      "type": "object",
                      "properties": {
                        "Large": {},
                        "Medium": {},
                        "Small": {}
                      }
                    },
                    "{Link}": {
                      "type": "string"
                    },
                    "{Name}": {
                      "type": "string"
                    },
                    "{FilenameWithExtension}": {
                      "type": "string"
                    },
                    "{Path}": {
                      "type": "string"
                    },
                    "{FullPath}": {
                      "type": "string"
                    },
                    "{ContentType}": {
                      "type": "object",
                      "properties": {
                        "@@odata.type": {
                          "type": "string"
                        },
                        "Id": {
                          "type": "string"
                        },
                        "Name": {
                          "type": "string"
                        }
                      }
                    },
                    "{ContentType}#Id": {
                      "type": "string"
                    },
                    "{HasAttachments}": {
                      "type": "boolean"
                    },
                    "{VersionNumber}": {
                      "type": "string"
                    },
                    "{TriggerWindowStartToken}": {
                      "type": "string"
                    },
                    "{TriggerWindowEndToken}": {
                      "type": "string"
                    }
                  }
                }
              }
            }
          }
        },
        "ALERT_-_Author_-_Andy_Jones_-_Seek_Approval": {
          "runAfter": {},
          "type": "InitializeVariable",
          "inputs": {
            "variables": [
              {
                "name": "FlowAuthor",
                "type": "string",
                "value": "Andrew Jones - andy@Move2modern.co.uk Please seek approval before using this solution"
              }
            ]
          }
        },
        "Condition_-_where_status_eq_new": {
          "actions": {
            "Compose_onboarding_ID": {
              "type": "Compose",
              "inputs": "@body('Parse_JSON')?['ID']"
            },
            "Get_item_automate_settings": {
              "runAfter": {
                "Compose_onboarding_ID": [
                  "Succeeded"
                ]
              },
              "type": "OpenApiConnection",
              "inputs": {
                "parameters": {
                  "dataset": "@parameters('VarAutomateList (new_VarAutomateList)')",
                  "table": "86cb4547-f9ef-41d8-85b9-64df24df8b24",
                  "id": 1
                },
                "host": {
                  "apiId": "/providers/Microsoft.PowerApps/apis/shared_sharepointonline",
                  "operationId": "GetItem",
                  "connectionName": "shared_sharepointonline"
                }
              }
            },
            "Update_item_-_offboarding_record_with_re-formatted_values": {
              "runAfter": {
                "For_each": [
                  "Succeeded"
                ]
              },
              "type": "OpenApiConnection",
              "inputs": {
                "parameters": {
                  "dataset": "@outputs('Get_item_automate_settings')?['body/Title']",
                  "table": "@outputs('Get_item_automate_settings')?['body/OffboardList']",
                  "id": "@outputs('Compose_onboarding_ID')",
                  "item": {
                    "JobTitle": "@{variables('JobTitle')}",
                    "UserEmail": "@{variables('UserEmail')}",
                    "ManagerEmail": "@{variables('ManagerEmail')}",
                    "UserDisplay": "@{outputs('Compose-_offboarding_displayname')}",
                    "status": {
                      "Value": "Approved"
                    }
                  }
                },
                "host": {
                  "apiId": "/providers/Microsoft.PowerApps/apis/shared_sharepointonline",
                  "operationId": "PatchItem",
                  "connectionName": "shared_sharepointonline"
                }
              }
            },
            "Get_items_-_where_onboarding_displayname_eq_offboarding_displayname": {
              "runAfter": {
                "Compose-_offboarding_displayname": [
                  "Succeeded"
                ]
              },
              "type": "OpenApiConnection",
              "inputs": {
                "parameters": {
                  "dataset": "https://kumonixtech.sharepoint.com/sites/IntuneHRFlow22",
                  "table": "c8614b57-1bfc-471a-9d2b-898bcf9b8b7f",
                  "$filter": "DisplayName eq '@{outputs('Compose-_offboarding_displayname')}'"
                },
                "host": {
                  "apiId": "/providers/Microsoft.PowerApps/apis/shared_sharepointonline",
                  "operationId": "GetItems",
                  "connectionName": "shared_sharepointonline"
                }
              }
            },
            "Compose-_offboarding_displayname": {
              "runAfter": {
                "Get_item_automate_settings": [
                  "Succeeded"
                ]
              },
              "type": "Compose",
              "inputs": "@body('Parse_JSON')?['DisplayName']?['Value']"
            },
            "Parse_JSON_1": {
              "runAfter": {
                "Get_items_-_where_onboarding_displayname_eq_offboarding_displayname": [
                  "Succeeded"
                ]
              },
              "type": "ParseJson",
              "inputs": {
                "content": "@body('Get_items_-_where_onboarding_displayname_eq_offboarding_displayname')",
                "schema": {
                  "type": "object",
                  "properties": {
                    "statusCode": {
                      "type": "integer"
                    },
                    "headers": {
                      "type": "object",
                      "properties": {
                        "Cache-Control": {
                          "type": "string"
                        },
                        "Transfer-Encoding": {
                          "type": "string"
                        },
                        "Vary": {
                          "type": "string"
                        },
                        "X-NetworkStatistics": {
                          "type": "string"
                        },
                        "X-SharePointHealthScore": {
                          "type": "string"
                        },
                        "X-MS-SPConnector": {
                          "type": "string"
                        },
                        "X-SP-SERVERSTATE": {
                          "type": "string"
                        },
                        "DATASERVICEVERSION": {
                          "type": "string"
                        },
                        "SPClientServiceRequestDuration": {
                          "type": "string"
                        },
                        "IsOCDI": {
                          "type": "string"
                        },
                        "X-DataBoundary": {
                          "type": "string"
                        },
                        "X-1DSCollectorUrl": {
                          "type": "string"
                        },
                        "X-AriaCollectorURL": {
                          "type": "string"
                        },
                        "SPRequestGuid": {
                          "type": "string"
                        },
                        "request-id": {
                          "type": "string"
                        },
                        "MS-CV": {
                          "type": "string"
                        },
                        "SPLogId": {
                          "type": "string"
                        },
                        "Alt-Svc": {
                          "type": "string"
                        },
                        "Strict-Transport-Security": {
                          "type": "string"
                        },
                        "X-Frame-Options": {
                          "type": "string"
                        },
                        "Content-Security-Policy": {
                          "type": "string"
                        },
                        "MicrosoftSharePointTeamServices": {
                          "type": "string"
                        },
                        "X-Content-Type-Options": {
                          "type": "string"
                        },
                        "X-MS-InvokeApp": {
                          "type": "string"
                        },
                        "P3P": {
                          "type": "string"
                        },
                        "X-AspNet-Version": {
                          "type": "string"
                        },
                        "X-Powered-By": {
                          "type": "string"
                        },
                        "x-ms-environment-id": {
                          "type": "string"
                        },
                        "x-ms-tenant-id": {
                          "type": "string"
                        },
                        "x-ms-dlp-re": {
                          "type": "string"
                        },
                        "x-ms-dlp-gu": {
                          "type": "string"
                        },
                        "x-ms-dlp-ef": {
                          "type": "string"
                        },
                        "Timing-Allow-Origin": {
                          "type": "string"
                        },
                        "x-ms-apihub-cached-response": {
                          "type": "string"
                        },
                        "x-ms-apihub-obo": {
                          "type": "string"
                        },
                        "Date": {
                          "type": "string"
                        },
                        "Content-Type": {
                          "type": "string"
                        },
                        "Expires": {
                          "type": "string"
                        },
                        "Last-Modified": {
                          "type": "string"
                        },
                        "Content-Length": {
                          "type": "string"
                        }
                      }
                    },
                    "body": {
                      "type": "object",
                      "properties": {
                        "value": {
                          "type": "array",
                          "items": {
                            "type": "object",
                            "properties": {
                              "@@odata.etag": {
                                "type": "string"
                              },
                              "ItemInternalId": {
                                "type": "string"
                              },
                              "ID": {
                                "type": "integer"
                              },
                              "UserAction": {
                                "type": "object",
                                "properties": {
                                  "@@odata.type": {
                                    "type": "string"
                                  },
                                  "Id": {
                                    "type": "integer"
                                  },
                                  "Value": {
                                    "type": "string"
                                  }
                                }
                              },
                              "UserAction#Id": {
                                "type": "integer"
                              },
                              "status": {
                                "type": "object",
                                "properties": {
                                  "@@odata.type": {
                                    "type": "string"
                                  },
                                  "Id": {
                                    "type": "integer"
                                  },
                                  "Value": {
                                    "type": "string"
                                  }
                                }
                              },
                              "status#Id": {
                                "type": "integer"
                              },
                              "Leave_x0020_date": {
                                "type": "string"
                              },
                              "Firstname": {
                                "type": "string"
                              },
                              "New_x0020_Starter_x0020__x003a__": {
                                "type": "string"
                              },
                              "UserEmail": {
                                "type": "string"
                              },
                              "Completedon": {
                                "type": "string"
                              },
                              "DisplayName": {
                                "type": "string"
                              },
                              "UserPrincipalName": {
                                "type": "string"
                              },
                              "JobTitle": {
                                "type": "string"
                              },
                              "Select_x0020_User": {
                                "type": "object",
                                "properties": {
                                  "@@odata.type": {
                                    "type": "string"
                                  },
                                  "Claims": {
                                    "type": "string"
                                  },
                                  "DisplayName": {
                                    "type": "string"
                                  },
                                  "Email": {},
                                  "Picture": {},
                                  "Department": {},
                                  "JobTitle": {}
                                }
                              },
                              "Select_x0020_User#Claims": {
                                "type": "string"
                              },
                              "EmployeeNumber": {
                                "type": "integer"
                              },
                              "Department": {
                                "type": "object",
                                "properties": {
                                  "@@odata.type": {
                                    "type": "string"
                                  },
                                  "Id": {
                                    "type": "integer"
                                  },
                                  "Value": {
                                    "type": "string"
                                  }
                                }
                              },
                              "Department#Id": {
                                "type": "integer"
                              },
                              "UserDisplay": {
                                "type": "string"
                              },
                              "MailNickname": {
                                "type": "string"
                              },
                              "Mentor": {
                                "type": "object",
                                "properties": {
                                  "@@odata.type": {
                                    "type": "string"
                                  },
                                  "Claims": {
                                    "type": "string"
                                  },
                                  "DisplayName": {
                                    "type": "string"
                                  },
                                  "Email": {
                                    "type": "string"
                                  },
                                  "Picture": {
                                    "type": "string"
                                  },
                                  "Department": {
                                    "type": "string"
                                  },
                                  "JobTitle": {
                                    "type": "string"
                                  }
                                }
                              },
                              "Mentor#Claims": {
                                "type": "string"
                              },
                              "ManagerEmail": {
                                "type": "string"
                              },
                              "Assetenrolled": {
                                "type": "object",
                                "properties": {
                                  "@@odata.type": {
                                    "type": "string"
                                  },
                                  "Id": {
                                    "type": "integer"
                                  },
                                  "Value": {
                                    "type": "string"
                                  }
                                }
                              },
                              "Assetenrolled#Id": {
                                "type": "integer"
                              },
                              "Notifications": {
                                "type": "string"
                              },
                              "EquipmentOrder": {
                                "type": "object",
                                "properties": {
                                  "@@odata.type": {
                                    "type": "string"
                                  },
                                  "Id": {
                                    "type": "integer"
                                  },
                                  "Value": {
                                    "type": "string"
                                  }
                                }
                              },
                              "EquipmentOrder#Id": {
                                "type": "integer"
                              },
                              "PersonalEmail": {
                                "type": "string"
                              },
                              "Win365Reason": {
                                "type": "object",
                                "properties": {
                                  "@@odata.type": {
                                    "type": "string"
                                  },
                                  "Id": {
                                    "type": "integer"
                                  },
                                  "Value": {
                                    "type": "string"
                                  }
                                }
                              },
                              "Win365Reason#Id": {
                                "type": "integer"
                              },
                              "Complete": {
                                "type": "boolean"
                              },
                              "AdminUser": {
                                "type": "object",
                                "properties": {
                                  "@@odata.type": {
                                    "type": "string"
                                  },
                                  "Id": {
                                    "type": "integer"
                                  },
                                  "Value": {
                                    "type": "string"
                                  }
                                }
                              },
                              "AdminUser#Id": {
                                "type": "integer"
                              },
                              "UPNIndex": {
                                "type": "integer"
                              },
                              "Created": {
                                "type": "string"
                              },
                              "Modified": {
                                "type": "string"
                              },
                              "Author": {
                                "type": "object",
                                "properties": {
                                  "@@odata.type": {
                                    "type": "string"
                                  },
                                  "Claims": {
                                    "type": "string"
                                  },
                                  "DisplayName": {
                                    "type": "string"
                                  },
                                  "Email": {
                                    "type": "string"
                                  },
                                  "Picture": {
                                    "type": "string"
                                  },
                                  "Department": {
                                    "type": "string"
                                  },
                                  "JobTitle": {
                                    "type": "string"
                                  }
                                }
                              },
                              "Author#Claims": {
                                "type": "string"
                              },
                              "Editor": {
                                "type": "object",
                                "properties": {
                                  "@@odata.type": {
                                    "type": "string"
                                  },
                                  "Claims": {
                                    "type": "string"
                                  },
                                  "DisplayName": {
                                    "type": "string"
                                  },
                                  "Email": {
                                    "type": "string"
                                  },
                                  "Picture": {
                                    "type": "string"
                                  },
                                  "Department": {
                                    "type": "string"
                                  },
                                  "JobTitle": {
                                    "type": "string"
                                  }
                                }
                              },
                              "Editor#Claims": {
                                "type": "string"
                              },
                              "{Identifier}": {
                                "type": "string"
                              },
                              "{IsFolder}": {
                                "type": "boolean"
                              },
                              "{Thumbnail}": {
                                "type": "object",
                                "properties": {
                                  "Large": {},
                                  "Medium": {},
                                  "Small": {}
                                }
                              },
                              "{Link}": {
                                "type": "string"
                              },
                              "{Name}": {
                                "type": "string"
                              },
                              "{FilenameWithExtension}": {
                                "type": "string"
                              },
                              "{Path}": {
                                "type": "string"
                              },
                              "{FullPath}": {
                                "type": "string"
                              },
                              "{ContentType}": {
                                "type": "object",
                                "properties": {
                                  "@@odata.type": {
                                    "type": "string"
                                  },
                                  "Id": {
                                    "type": "string"
                                  },
                                  "Name": {
                                    "type": "string"
                                  }
                                }
                              },
                              "{ContentType}#Id": {
                                "type": "string"
                              },
                              "{HasAttachments}": {
                                "type": "boolean"
                              },
                              "{VersionNumber}": {
                                "type": "string"
                              }
                            },
                            "required": [
                              "@@odata.etag",
                              "ItemInternalId",
                              "ID",
                              "UserAction",
                              "UserAction#Id",
                              "status",
                              "status#Id",
                              "Leave_x0020_date",
                              "Firstname",
                              "New_x0020_Starter_x0020__x003a__",
                              "UserEmail",
                              "Completedon",
                              "DisplayName",
                              "UserPrincipalName",
                              "JobTitle",
                              "Select_x0020_User",
                              "Select_x0020_User#Claims",
                              "EmployeeNumber",
                              "Department",
                              "Department#Id",
                              "UserDisplay",
                              "MailNickname",
                              "Mentor",
                              "Mentor#Claims",
                              "ManagerEmail",
                              "Assetenrolled",
                              "Assetenrolled#Id",
                              "Notifications",
                              "EquipmentOrder",
                              "EquipmentOrder#Id",
                              "PersonalEmail",
                              "Win365Reason",
                              "Win365Reason#Id",
                              "Complete",
                              "AdminUser",
                              "AdminUser#Id",
                              "UPNIndex",
                              "Created",
                              "Modified",
                              "Author",
                              "Author#Claims",
                              "Editor",
                              "Editor#Claims",
                              "{Identifier}",
                              "{IsFolder}",
                              "{Thumbnail}",
                              "{Link}",
                              "{Name}",
                              "{FilenameWithExtension}",
                              "{Path}",
                              "{FullPath}",
                              "{ContentType}",
                              "{ContentType}#Id",
                              "{HasAttachments}",
                              "{VersionNumber}"
                            ]
                          }
                        }
                      }
                    }
                  }
                }
              }
            },
            "For_each": {
              "foreach": "@body('Parse_JSON_1')?['value']",
              "actions": {
                "Set_variable_JobTitle": {
                  "type": "SetVariable",
                  "inputs": {
                    "name": "JobTitle",
                    "value": "@items('For_each')?['JobTitle']"
                  }
                },
                "Set_variable_useremail": {
                  "runAfter": {
                    "Set_variable_JobTitle": [
                      "Succeeded"
                    ]
                  },
                  "type": "SetVariable",
                  "inputs": {
                    "name": "UserEmail",
                    "value": "@items('For_each')?['UserEmail']"
                  }
                },
                "Set_variable_manageremail": {
                  "runAfter": {
                    "Set_variable_useremail": [
                      "Succeeded"
                    ]
                  },
                  "type": "SetVariable",
                  "inputs": {
                    "name": "ManagerEmail",
                    "value": "@items('For_each')?['Mentor']?['Email']"
                  }
                }
              },
              "runAfter": {
                "Parse_JSON_1": [
                  "Succeeded"
                ]
              },
              "type": "Foreach"
            }
          },
          "runAfter": {
            "Parse_JSON": [
              "Succeeded"
            ]
          },
          "else": {
            "actions": {}
          },
          "expression": {
            "and": [
              {
                "equals": [
                  "@body('Parse_JSON')?['status']?['Value']",
                  "New"
                ]
              }
            ]
          },
          "type": "If"
        },
        "Initialize_variable_UserEmail": {
          "runAfter": {
            "ALERT_-_Author_-_Andy_Jones_-_Seek_Approval": [
              "Succeeded"
            ]
          },
          "type": "InitializeVariable",
          "inputs": {
            "variables": [
              {
                "name": "UserEmail",
                "type": "string"
              }
            ]
          }
        },
        "Initialize_variable-JobTitle": {
          "runAfter": {
            "Initialize_variable_UserEmail": [
              "Succeeded"
            ]
          },
          "type": "InitializeVariable",
          "inputs": {
            "variables": [
              {
                "name": "JobTitle",
                "type": "string"
              }
            ]
          }
        },
        "Initialize_variable-managerEmail": {
          "runAfter": {
            "Initialize_variable-JobTitle": [
              "Succeeded"
            ]
          },
          "type": "InitializeVariable",
          "inputs": {
            "variables": [
              {
                "name": "ManagerEmail",
                "type": "string"
              }
            ]
          }
        }
      },
      "outputs": {}
    },
    "templateName": null
  },
  "schemaVersion": "1.0.0.0"
}