{
  "properties": {
    "connectionReferences": {
      "shared_sharepointonline": {
        "runtimeSource": "embedded",
        "connection": {
          "connectionReferenceLogicalName": "cr23a_sharedsharepointonline_1d640"
        },
        "api": {
          "name": "shared_sharepointonline"
        }
      },
      "shared_azuread": {
        "runtimeSource": "embedded",
        "connection": {
          "connectionReferenceLogicalName": "cr23a_sharedazuread_b6934"
        },
        "api": {
          "name": "shared_azuread"
        }
      },
      "shared_office365": {
        "runtimeSource": "embedded",
        "connection": {
          "connectionReferenceLogicalName": "cr23a_sharedoffice365_54306"
        },
        "api": {
          "name": "shared_office365"
        }
      }
    },
    "definition": {
      "$schema": "https://schema.management.azure.com/providers/Microsoft.Logic/schemas/2016-06-01/workflowdefinition.json#",
      "contentVersion": "undefined",
      "parameters": {
        "$authentication": {
          "defaultValue": {},
          "type": "SecureObject"
        },
        "$connections": {
          "defaultValue": {},
          "type": "Object"
        },
        "VarAutomateList (new_VarAutomateList)": {
          "defaultValue": "https://kumonixtech.sharepoint.com/sites/IntuneHRFlow22",
          "type": "String",
          "metadata": {
            "schemaName": "new_VarAutomateList",
            "description": "Variable for the automateSettings Sharepoint site address"
          }
        },
        "VarAutomateSettingsListName (new_VarAutomateSettingsListName)": {
          "defaultValue": "AutomateSettings",
          "type": "String",
          "metadata": {
            "schemaName": "new_VarAutomateSettingsListName",
            "description": "used to include the AutomateSettings sharepoint List Name"
          }
        }
      },
      "triggers": {
        "Recurrence": {
          "recurrence": {
            "frequency": "Hour",
            "interval": 3,
            "startTime": "2025-01-28T15:00:00Z",
            "timeZone": "GMT Standard Time"
          },
          "metadata": {
            "operationMetadataId": "901fa270-2b80-4c29-b4cd-a769ed708f07"
          },
          "type": "Recurrence"
        }
      },
      "actions": {
        "Initialize_userupn": {
          "runAfter": {
            "Get_item_-_automate_settings": [
              "Succeeded"
            ]
          },
          "metadata": {
            "operationMetadataId": "194d76ae-bd32-4759-9488-42e32fc40c63"
          },
          "type": "InitializeVariable",
          "inputs": {
            "variables": [
              {
                "name": "UserUPN",
                "type": "string"
              }
            ]
          }
        },
        "Get_offboarding_records": {
          "runAfter": {
            "Initialize_variable_userdisplay": [
              "Succeeded"
            ]
          },
          "metadata": {
            "operationMetadataId": "95ba368d-977b-46d3-af8d-a6315cd244f4"
          },
          "type": "OpenApiConnection",
          "inputs": {
            "parameters": {
              "dataset": "@outputs('Get_item_-_automate_settings')?['body/Title']",
              "table": "@outputs('Get_item_-_automate_settings')?['body/OffboardList']",
              "$filter": "status eq 'Approved' and DocsTransfer eq 'Y' and EmailTransfer eq 'Y'"
            },
            "host": {
              "apiId": "/providers/Microsoft.PowerApps/apis/shared_sharepointonline",
              "operationId": "GetItems",
              "connectionName": "shared_sharepointonline"
            }
          }
        },
        "Initialize_site": {
          "runAfter": {
            "Initialize_userupn": [
              "Succeeded"
            ]
          },
          "metadata": {
            "operationMetadataId": "aab1258f-8978-429a-b621-1dd4503b40d7"
          },
          "type": "InitializeVariable",
          "inputs": {
            "variables": [
              {
                "name": "site",
                "type": "string",
                "value": "https://m365x23794902.sharepoint.com/sites/M2MHRUsermanagement"
              }
            ]
          }
        },
        "Initialize_offboarding_list": {
          "runAfter": {
            "Initialize_site": [
              "Succeeded"
            ]
          },
          "metadata": {
            "operationMetadataId": "fc9d93b9-83a9-4d36-a089-75bb668ab8f5"
          },
          "type": "InitializeVariable",
          "inputs": {
            "variables": [
              {
                "name": "offboardingList",
                "type": "string",
                "value": "Employee offboarding"
              }
            ]
          }
        },
        "Parse_JSON": {
          "runAfter": {
            "Get_offboarding_records": [
              "Succeeded"
            ]
          },
          "metadata": {
            "operationMetadataId": "dac2d82e-e745-4c11-a5fa-6ddd2c8ebb72"
          },
          "type": "ParseJson",
          "inputs": {
            "content": "@body('Get_offboarding_records')",
            "schema": {
              "type": "object",
              "properties": {
                "type": {
                  "type": "string"
                },
                "properties": {
                  "type": "object",
                  "properties": {
                    "value": {
                      "type": "object",
                      "properties": {
                        "type": {
                          "type": "string"
                        },
                        "items": {
                          "type": "object",
                          "properties": {
                            "type": {
                              "type": "string"
                            },
                            "properties": {
                              "type": "object",
                              "properties": {
                                "@@@odata.etag": {
                                  "type": "object",
                                  "properties": {
                                    "type": {
                                      "type": "string"
                                    }
                                  }
                                },
                                "ItemInternalId": {
                                  "type": "object",
                                  "properties": {
                                    "type": {
                                      "type": "string"
                                    }
                                  }
                                },
                                "ID": {
                                  "type": "object",
                                  "properties": {
                                    "type": {
                                      "type": "string"
                                    }
                                  }
                                },
                                "status": {
                                  "type": "object",
                                  "properties": {
                                    "type": {
                                      "type": "string"
                                    },
                                    "properties": {
                                      "type": "object",
                                      "properties": {
                                        "@@@odata.type": {
                                          "type": "object",
                                          "properties": {
                                            "type": {
                                              "type": "string"
                                            }
                                          }
                                        },
                                        "Id": {
                                          "type": "object",
                                          "properties": {
                                            "type": {
                                              "type": "string"
                                            }
                                          }
                                        },
                                        "Value": {
                                          "type": "object",
                                          "properties": {
                                            "type": {
                                              "type": "string"
                                            }
                                          }
                                        }
                                      }
                                    }
                                  }
                                },
                                "status#Id": {
                                  "type": "object",
                                  "properties": {
                                    "type": {
                                      "type": "string"
                                    }
                                  }
                                },
                                "UserEmail": {
                                  "type": "object",
                                  "properties": {
                                    "type": {
                                      "type": "string"
                                    }
                                  }
                                },
                                "Complete": {
                                  "type": "object",
                                  "properties": {
                                    "type": {
                                      "type": "string"
                                    }
                                  }
                                },
                                "Completedon": {
                                  "type": "object",
                                  "properties": {
                                    "type": {
                                      "type": "string"
                                    }
                                  }
                                },
                                "UserLookup": {
                                  "type": "object",
                                  "properties": {
                                    "type": {
                                      "type": "string"
                                    },
                                    "properties": {
                                      "type": "object",
                                      "properties": {
                                        "@@@odata.type": {
                                          "type": "object",
                                          "properties": {
                                            "type": {
                                              "type": "string"
                                            }
                                          }
                                        },
                                        "Id": {
                                          "type": "object",
                                          "properties": {
                                            "type": {
                                              "type": "string"
                                            }
                                          }
                                        },
                                        "Value": {
                                          "type": "object",
                                          "properties": {
                                            "type": {
                                              "type": "string"
                                            }
                                          }
                                        }
                                      }
                                    }
                                  }
                                },
                                "UserLookup#Id": {
                                  "type": "object",
                                  "properties": {
                                    "type": {
                                      "type": "string"
                                    }
                                  }
                                },
                                "Exitdate": {
                                  "type": "object",
                                  "properties": {
                                    "type": {
                                      "type": "string"
                                    }
                                  }
                                },
                                "DocsTransfer": {
                                  "type": "object",
                                  "properties": {
                                    "type": {
                                      "type": "string"
                                    }
                                  }
                                },
                                "EmailTransfer": {
                                  "type": "object",
                                  "properties": {
                                    "type": {
                                      "type": "string"
                                    }
                                  }
                                },
                                "AccountCancelled": {
                                  "type": "object",
                                  "properties": {
                                    "type": {
                                      "type": "string"
                                    }
                                  }
                                },
                                "Modified": {
                                  "type": "object",
                                  "properties": {
                                    "type": {
                                      "type": "string"
                                    }
                                  }
                                },
                                "Created": {
                                  "type": "object",
                                  "properties": {
                                    "type": {
                                      "type": "string"
                                    }
                                  }
                                },
                                "Author": {
                                  "type": "object",
                                  "properties": {
                                    "type": {
                                      "type": "string"
                                    },
                                    "properties": {
                                      "type": "object",
                                      "properties": {
                                        "@@@odata.type": {
                                          "type": "object",
                                          "properties": {
                                            "type": {
                                              "type": "string"
                                            }
                                          }
                                        },
                                        "Claims": {
                                          "type": "object",
                                          "properties": {
                                            "type": {
                                              "type": "string"
                                            }
                                          }
                                        },
                                        "DisplayName": {
                                          "type": "object",
                                          "properties": {
                                            "type": {
                                              "type": "string"
                                            }
                                          }
                                        },
                                        "Email": {
                                          "type": "object",
                                          "properties": {
                                            "type": {
                                              "type": "string"
                                            }
                                          }
                                        },
                                        "Picture": {
                                          "type": "object",
                                          "properties": {
                                            "type": {
                                              "type": "string"
                                            }
                                          }
                                        },
                                        "Department": {
                                          "type": "object",
                                          "properties": {}
                                        },
                                        "JobTitle": {
                                          "type": "object",
                                          "properties": {
                                            "type": {
                                              "type": "string"
                                            }
                                          }
                                        }
                                      }
                                    }
                                  }
                                },
                                "Author#Claims": {
                                  "type": "object",
                                  "properties": {
                                    "type": {
                                      "type": "string"
                                    }
                                  }
                                },
                                "Editor": {
                                  "type": "object",
                                  "properties": {
                                    "type": {
                                      "type": "string"
                                    },
                                    "properties": {
                                      "type": "object",
                                      "properties": {
                                        "@@@odata.type": {
                                          "type": "object",
                                          "properties": {
                                            "type": {
                                              "type": "string"
                                            }
                                          }
                                        },
                                        "Claims": {
                                          "type": "object",
                                          "properties": {
                                            "type": {
                                              "type": "string"
                                            }
                                          }
                                        },
                                        "DisplayName": {
                                          "type": "object",
                                          "properties": {
                                            "type": {
                                              "type": "string"
                                            }
                                          }
                                        },
                                        "Email": {
                                          "type": "object",
                                          "properties": {
                                            "type": {
                                              "type": "string"
                                            }
                                          }
                                        },
                                        "Picture": {
                                          "type": "object",
                                          "properties": {
                                            "type": {
                                              "type": "string"
                                            }
                                          }
                                        },
                                        "Department": {
                                          "type": "object",
                                          "properties": {}
                                        },
                                        "JobTitle": {
                                          "type": "object",
                                          "properties": {
                                            "type": {
                                              "type": "string"
                                            }
                                          }
                                        }
                                      }
                                    }
                                  }
                                },
                                "Editor#Claims": {
                                  "type": "object",
                                  "properties": {
                                    "type": {
                                      "type": "string"
                                    }
                                  }
                                },
                                "{Identifier}": {
                                  "type": "object",
                                  "properties": {
                                    "type": {
                                      "type": "string"
                                    }
                                  }
                                },
                                "{IsFolder}": {
                                  "type": "object",
                                  "properties": {
                                    "type": {
                                      "type": "string"
                                    }
                                  }
                                },
                                "{Thumbnail}": {
                                  "type": "object",
                                  "properties": {
                                    "type": {
                                      "type": "string"
                                    },
                                    "properties": {
                                      "type": "object",
                                      "properties": {
                                        "Large": {
                                          "type": "object",
                                          "properties": {}
                                        },
                                        "Medium": {
                                          "type": "object",
                                          "properties": {}
                                        },
                                        "Small": {
                                          "type": "object",
                                          "properties": {}
                                        }
                                      }
                                    }
                                  }
                                },
                                "{Link}": {
                                  "type": "object",
                                  "properties": {
                                    "type": {
                                      "type": "string"
                                    }
                                  }
                                },
                                "{Name}": {
                                  "type": "object",
                                  "properties": {
                                    "type": {
                                      "type": "string"
                                    }
                                  }
                                },
                                "{FilenameWithExtension}": {
                                  "type": "object",
                                  "properties": {
                                    "type": {
                                      "type": "string"
                                    }
                                  }
                                },
                                "{Path}": {
                                  "type": "object",
                                  "properties": {
                                    "type": {
                                      "type": "string"
                                    }
                                  }
                                },
                                "{FullPath}": {
                                  "type": "object",
                                  "properties": {
                                    "type": {
                                      "type": "string"
                                    }
                                  }
                                },
                                "{HasAttachments}": {
                                  "type": "object",
                                  "properties": {
                                    "type": {
                                      "type": "string"
                                    }
                                  }
                                },
                                "{VersionNumber}": {
                                  "type": "object",
                                  "properties": {
                                    "type": {
                                      "type": "string"
                                    }
                                  }
                                }
                              }
                            },
                            "required": {
                              "type": "array",
                              "items": {
                                "type": "string"
                              }
                            }
                          }
                        }
                      }
                    }
                  }
                }
              }
            }
          }
        },
        "Initialize_exitdate": {
          "runAfter": {
            "Initialize_offboarding_list": [
              "Succeeded"
            ]
          },
          "metadata": {
            "operationMetadataId": "d01ccc97-8c01-4052-be20-11e522bdae97"
          },
          "type": "InitializeVariable",
          "inputs": {
            "variables": [
              {
                "name": "exitdate",
                "type": "string"
              }
            ]
          }
        },
        "Apply_to_each": {
          "foreach": "@body('Parse_JSON')?['value']",
          "actions": {
            "Compose_exit_date_yyyy-MM-dd": {
              "metadata": {
                "operationMetadataId": "5b222eb9-fd9d-40b3-a8b2-df7b6266eb15"
              },
              "type": "Compose",
              "inputs": "@formatDateTime(item()?['Exitdate'], 'yyyy-MM-dd')"
            },
            "Condition-_is_it_exit_day": {
              "actions": {
                "Get_user": {
                  "metadata": {
                    "operationMetadataId": "cf678818-43e6-476a-9bbf-9859232cef9e"
                  },
                  "type": "OpenApiConnection",
                  "inputs": {
                    "parameters": {
                      "id": "@variables('CurrentUserEmail')"
                    },
                    "host": {
                      "apiId": "/providers/Microsoft.PowerApps/apis/shared_azuread",
                      "operationId": "GetUser",
                      "connectionName": "shared_azuread"
                    }
                  }
                },
                "Revoke_user_sessions": {
                  "runAfter": {
                    "Get_user": [
                      "Succeeded"
                    ]
                  },
                  "metadata": {
                    "operationMetadataId": "8eee80f4-075a-4c45-8187-cb852f0dde7c"
                  },
                  "type": "OpenApiConnection",
                  "inputs": {
                    "parameters": {
                      "id": "@outputs('Get_user')?['body/id']"
                    },
                    "host": {
                      "apiId": "/providers/Microsoft.PowerApps/apis/shared_azuread",
                      "operationId": "RefreshTokens",
                      "connectionName": "shared_azuread"
                    }
                  }
                },
                "HTTP_access_token": {
                  "runAfter": {
                    "Revoke_user_sessions": [
                      "Succeeded"
                    ]
                  },
                  "metadata": {
                    "operationMetadataId": "13bf32c3-e465-4343-bc6d-eee077d158ab"
                  },
                  "type": "Http",
                  "inputs": {
                    "uri": "https://login.microsoftonline.com/@{outputs('Get_item_-_automate_settings')?['body/TenantID']}/oauth2/v2.0/token",
                    "method": "POST",
                    "headers": {
                      "Content-Type": "application/x-www-form-urlencoded"
                    },
                    "body": "client_id=@{outputs('Get_item_-_automate_settings')?['body/ClientID']}&scope=https://graph.microsoft.com/.default&client_secret=@{outputs('Get_item_-_automate_settings')?['body/AppSecret']}&grant_type=client_credentials",
                    "authentication": {
                      "type": "ActiveDirectoryOAuth",
                      "authority": "https://login.windows.net",
                      "tenant": "@{outputs('Get_item_-_automate_settings')?['body/TenantID']}",
                      "audience": "https://graph.microsoft.com",
                      "clientId": "@{outputs('Get_item_-_automate_settings')?['body/ClientID']}",
                      "secret": "@{outputs('Get_item_-_automate_settings')?['body/AppSecret']}"
                    }
                  },
                  "runtimeConfiguration": {
                    "contentTransfer": {
                      "transferMode": "Chunked"
                    }
                  }
                },
                "Parse_JSON_1": {
                  "runAfter": {
                    "HTTP_access_token": [
                      "Succeeded"
                    ]
                  },
                  "metadata": {
                    "operationMetadataId": "6aec7d85-866c-465e-ad7b-187b82b0f500"
                  },
                  "type": "ParseJson",
                  "inputs": {
                    "content": "@body('HTTP_access_token')",
                    "schema": {
                      "type": "object",
                      "properties": {
                        "type": {
                          "type": "string"
                        },
                        "properties": {
                          "type": "object",
                          "properties": {
                            "token_type": {
                              "type": "object",
                              "properties": {
                                "type": {
                                  "type": "string"
                                }
                              }
                            },
                            "expires_in": {
                              "type": "object",
                              "properties": {
                                "type": {
                                  "type": "string"
                                }
                              }
                            },
                            "ext_expires_in": {
                              "type": "object",
                              "properties": {
                                "type": {
                                  "type": "string"
                                }
                              }
                            },
                            "access_token": {
                              "type": "object",
                              "properties": {
                                "type": {
                                  "type": "string"
                                }
                              }
                            }
                          }
                        }
                      }
                    }
                  }
                },
                "Get_entra_groups_for_an_offboarding_user": {
                  "runAfter": {
                    "Parse_JSON_1": [
                      "Succeeded"
                    ]
                  },
                  "metadata": {
                    "operationMetadataId": "7f36af92-a707-4810-a23a-980ff5123b44"
                  },
                  "type": "OpenApiConnection",
                  "inputs": {
                    "parameters": {
                      "id": "@outputs('Get_user')?['body/id']",
                      "body/securityEnabledOnly": false
                    },
                    "host": {
                      "apiId": "/providers/Microsoft.PowerApps/apis/shared_azuread",
                      "operationId": "GetMemberGroupsV2",
                      "connectionName": "shared_azuread"
                    }
                  }
                },
                "Apply_to_each_1": {
                  "foreach": "@outputs('Get_entra_groups_for_an_offboarding_user')?['body/value']",
                  "actions": {
                    "Get_group": {
                      "type": "OpenApiConnection",
                      "inputs": {
                        "parameters": {
                          "id": "@items('Apply_to_each_1')"
                        },
                        "host": {
                          "apiId": "/providers/Microsoft.PowerApps/apis/shared_azuread",
                          "operationId": "GetGroup",
                          "connectionName": "shared_azuread"
                        }
                      }
                    },
                    "Condition_groupType_contains_DynamicMmembership": {
                      "actions": {},
                      "runAfter": {
                        "Compose_groupType_contains_Unified": [
                          "Succeeded"
                        ]
                      },
                      "else": {
                        "actions": {
                          "Remove_Member_From_Group": {
                            "type": "OpenApiConnection",
                            "inputs": {
                              "parameters": {
                                "groupId": "@outputs('Get_group')?['body/id']",
                                "memberId": "@outputs('Get_user')?['body/id']"
                              },
                              "host": {
                                "apiId": "/providers/Microsoft.PowerApps/apis/shared_azuread",
                                "operationId": "RemoveMemberFromGroup",
                                "connectionName": "shared_azuread"
                              }
                            }
                          }
                        }
                      },
                      "expression": {
                        "and": [
                          {
                            "equals": [
                              "@contains(variables('groupType'), 'DynamicMembership')",
                              true
                            ]
                          }
                        ]
                      },
                      "type": "If"
                    },
                    "Parse_JSON_2": {
                      "runAfter": {
                        "Get_group": [
                          "Succeeded"
                        ]
                      },
                      "type": "ParseJson",
                      "inputs": {
                        "content": "@body('Get_group')",
                        "schema": {
                          "type": "object",
                          "properties": {
                            "@@odata.context": {
                              "type": "string"
                            },
                            "id": {
                              "type": "string"
                            },
                            "createdDateTime": {
                              "type": "string"
                            },
                            "creationOptions": {
                              "type": "array"
                            },
                            "description": {
                              "type": "string"
                            },
                            "displayName": {
                              "type": "string"
                            },
                            "groupTypes": {
                              "type": "array",
                              "items": {
                                "type": "string"
                              }
                            },
                            "mail": {
                              "type": "string"
                            },
                            "mailEnabled": {
                              "type": "boolean"
                            },
                            "mailNickname": {
                              "type": "string"
                            },
                            "proxyAddresses": {
                              "type": "array",
                              "items": {
                                "type": "string"
                              }
                            },
                            "renewedDateTime": {
                              "type": "string"
                            },
                            "resourceBehaviorOptions": {
                              "type": "array"
                            },
                            "resourceProvisioningOptions": {
                              "type": "array"
                            },
                            "securityEnabled": {
                              "type": "boolean"
                            },
                            "securityIdentifier": {
                              "type": "string"
                            },
                            "visibility": {
                              "type": "string"
                            },
                            "onPremisesProvisioningErrors": {
                              "type": "array"
                            },
                            "serviceProvisioningErrors": {
                              "type": "array"
                            }
                          }
                        }
                      }
                    },
                    "Set_groupType": {
                      "runAfter": {
                        "Parse_JSON_2": [
                          "Succeeded"
                        ]
                      },
                      "type": "SetVariable",
                      "inputs": {
                        "name": "groupType",
                        "value": "@body('Parse_JSON_2')?['groupTypes']?[0]"
                      }
                    },
                    "Compose_groupType_contains_Unified": {
                      "runAfter": {
                        "Set_groupType": [
                          "Succeeded"
                        ]
                      },
                      "type": "Compose",
                      "inputs": "@contains(variables('groupType'), 'Unified')"
                    }
                  },
                  "runAfter": {
                    "Get_entra_groups_for_an_offboarding_user": [
                      "Succeeded"
                    ]
                  },
                  "metadata": {
                    "operationMetadataId": "06c1ede8-2637-486e-a570-e157cdcced07"
                  },
                  "type": "Foreach"
                },
                "Update_Disable_Account": {
                  "runAfter": {
                    "Send_an_email_to_Offboarding_Author": [
                      "Succeeded"
                    ]
                  },
                  "metadata": {
                    "operationMetadataId": "6b9b12a9-2634-45c2-a9cf-d3e626f911e4"
                  },
                  "type": "OpenApiConnection",
                  "inputs": {
                    "parameters": {
                      "id": "@outputs('Get_user')?['body/id']",
                      "body/userPrincipalName": "@outputs('Get_user')?['body/userPrincipalName']",
                      "body/accountEnabled": false
                    },
                    "host": {
                      "apiId": "/providers/Microsoft.PowerApps/apis/shared_azuread",
                      "operationId": "UpdateUser",
                      "connectionName": "shared_azuread"
                    }
                  }
                },
                "Send_an_email_to_Offboarding_Author": {
                  "runAfter": {
                    "Update_user_-_remove_department_for_dynamic_groups_removal": [
                      "Succeeded"
                    ]
                  },
                  "type": "OpenApiConnection",
                  "inputs": {
                    "parameters": {
                      "emailMessage/To": "@variables('CreatorEmail')",
                      "emailMessage/Subject": "Offboarding Update! for @{outputs('Get_user')?['body/displayName']}",
                      "emailMessage/Body": "<p class=\"editor-paragraph\">Hi,</p><br><p class=\"editor-paragraph\">As the Offboarding HR specialist we are updating you to confirm system exits.</p><br><p class=\"editor-paragraph\">Employee Exiting : @{outputs('Get_user')?['body/displayName']}</p><p class=\"editor-paragraph\">Date of Exit: @{outputs('Compose_exit_date_yyyy-MM-dd')}</p><br><p class=\"editor-paragraph\">System updates:</p><p class=\"editor-paragraph\">- Onedrive files copied to Sharepoint and Manager access granted</p><p class=\"editor-paragraph\">- System sessions revoked,</p><p class=\"editor-paragraph\">- Account disabled,</p><p class=\"editor-paragraph\">- Removed from assigned Intune groups.</p><p class=\"editor-paragraph\">(Includes:Teams, Sharepoint, persona's and all assigned security groups)</p><p class=\"editor-paragraph\">- M365 Licensing removed</p><br><p class=\"editor-paragraph\">HR Automation Team.<br></p><br>",
                      "emailMessage/Importance": "Normal"
                    },
                    "host": {
                      "apiId": "/providers/Microsoft.PowerApps/apis/shared_office365",
                      "operationId": "SendEmailV2",
                      "connectionName": "shared_office365"
                    }
                  }
                },
                "Update_offboarding_record_to_offboarded": {
                  "runAfter": {
                    "Update_Disable_Account": [
                      "Succeeded"
                    ]
                  },
                  "type": "OpenApiConnection",
                  "inputs": {
                    "parameters": {
                      "dataset": "@outputs('Get_item_-_automate_settings')?['body/Title']",
                      "table": "@outputs('Get_item_-_automate_settings')?['body/OffboardList']",
                      "id": "@variables('OffboardingRecordid')",
                      "item": {
                        "Complete": true,
                        "status": {
                          "Value": "Offboarded"
                        }
                      }
                    },
                    "host": {
                      "apiId": "/providers/Microsoft.PowerApps/apis/shared_sharepointonline",
                      "operationId": "PatchItem",
                      "connectionName": "shared_sharepointonline"
                    }
                  }
                },
                "Update_user_-_remove_department_for_dynamic_groups_removal": {
                  "runAfter": {
                    "Apply_to_each_1": [
                      "Succeeded"
                    ]
                  },
                  "type": "OpenApiConnection",
                  "inputs": {
                    "parameters": {
                      "id": "@outputs('Get_user')?['body/id']",
                      "body/userPrincipalName": "@outputs('Get_user')?['body/userPrincipalName']",
                      "body/displayName": "@outputs('Get_user')?['body/displayName']",
                      "body/department": "null"
                    },
                    "host": {
                      "apiId": "/providers/Microsoft.PowerApps/apis/shared_azuread",
                      "operationId": "UpdateUser",
                      "connectionName": "shared_azuread"
                    }
                  }
                }
              },
              "runAfter": {
                "Set_variable_-_CreatorEmail": [
                  "Succeeded"
                ]
              },
              "else": {
                "actions": {}
              },
              "expression": {
                "and": [
                  {
                    "equals": [
                      "@outputs('Compose_exit_date_yyyy-MM-dd')",
                      "@formatDateTime(utcNow(), 'yyyy-MM-dd')"
                    ]
                  }
                ]
              },
              "metadata": {
                "operationMetadataId": "dee99667-6ebf-49e3-8b20-2eb1e35e1766"
              },
              "type": "If"
            },
            "Set_variable_currentUserEmail": {
              "runAfter": {
                "Set_variable_-_userdisplay": [
                  "Succeeded"
                ]
              },
              "type": "SetVariable",
              "inputs": {
                "name": "CurrentUserEmail",
                "value": "@item()?['UserEmail']"
              }
            },
            "Set_variable_OffboardingRecordID": {
              "runAfter": {
                "Set_variable_currentUserEmail": [
                  "Succeeded"
                ]
              },
              "type": "SetVariable",
              "inputs": {
                "name": "OffboardingRecordid",
                "value": "@item()?['ID']"
              }
            },
            "Set_variable_-_CreatorEmail": {
              "runAfter": {
                "Set_variable_OffboardingRecordID": [
                  "Succeeded"
                ]
              },
              "type": "SetVariable",
              "inputs": {
                "name": "CreatorEmail",
                "value": "@item()?['Author']?['Email']"
              }
            },
            "Set_variable_-_userdisplay": {
              "runAfter": {
                "Compose_exit_date_yyyy-MM-dd": [
                  "Succeeded"
                ]
              },
              "type": "SetVariable",
              "inputs": {
                "name": "userdisplay",
                "value": "@item()?['UserDisplay']"
              }
            }
          },
          "runAfter": {
            "Parse_JSON": [
              "Succeeded"
            ]
          },
          "metadata": {
            "operationMetadataId": "c34909ec-65c7-48e7-adc4-36106e350df2"
          },
          "type": "Foreach"
        },
        "Initialize_tenant": {
          "runAfter": {
            "Initialize_exitdate": [
              "Succeeded"
            ]
          },
          "metadata": {
            "operationMetadataId": "7406594e-c651-4b61-9aaf-137f47cdd4e5"
          },
          "type": "InitializeVariable",
          "inputs": {
            "variables": [
              {
                "name": "tenant",
                "type": "string",
                "value": "292f2208-77ed-4488-ba09-12c7895e9750"
              }
            ]
          }
        },
        "Initialize_sharepoint_home_address": {
          "runAfter": {
            "Initialize_tenant": [
              "Succeeded"
            ]
          },
          "metadata": {
            "operationMetadataId": "862dda4b-a5d8-4a72-9b76-c48187347be2"
          },
          "type": "InitializeVariable",
          "inputs": {
            "variables": [
              {
                "name": "sharepointSite",
                "type": "string",
                "value": "https://m365x23794902.sharepoint.com/"
              }
            ]
          }
        },
        "Initialize_Remove_from_group_result": {
          "runAfter": {
            "Initialize_sharepoint_home_address": [
              "Succeeded"
            ]
          },
          "metadata": {
            "operationMetadataId": "8bad7a47-a2fe-4009-a97b-6d500a50fe47"
          },
          "type": "InitializeVariable",
          "inputs": {
            "variables": [
              {
                "name": "RemoveFromGroupResult",
                "type": "string"
              }
            ]
          }
        },
        "Initialize_groupType": {
          "runAfter": {
            "Initialize_Remove_from_group_result": [
              "Succeeded"
            ]
          },
          "type": "InitializeVariable",
          "inputs": {
            "variables": [
              {
                "name": "groupType",
                "type": "string"
              }
            ]
          }
        },
        "Initialize_variable_TimeNow": {
          "runAfter": {
            "Initialize_groupType": [
              "Succeeded"
            ]
          },
          "type": "InitializeVariable",
          "inputs": {
            "variables": [
              {
                "name": "TimeNow",
                "type": "string",
                "value": "@formatDateTime(utcNow(), 'yyyy-MM-dd')"
              }
            ]
          }
        },
        "Initialize_variable_CurrentUserEmail": {
          "runAfter": {
            "Initialize_variable_TimeNow": [
              "Succeeded"
            ]
          },
          "type": "InitializeVariable",
          "inputs": {
            "variables": [
              {
                "name": "CurrentUserEmail",
                "type": "string"
              }
            ]
          }
        },
        "Initialize_variable_OffboardingRecordid": {
          "runAfter": {
            "Initialize_variable_CurrentUserEmail": [
              "Succeeded"
            ]
          },
          "type": "InitializeVariable",
          "inputs": {
            "variables": [
              {
                "name": "OffboardingRecordid",
                "type": "integer"
              }
            ]
          }
        },
        "Initialize_variable_-_CreatorEmail": {
          "runAfter": {
            "Initialize_variable_OffboardingRecordid": [
              "Succeeded"
            ]
          },
          "type": "InitializeVariable",
          "inputs": {
            "variables": [
              {
                "name": "CreatorEmail",
                "type": "string"
              }
            ]
          }
        },
        "Get_item_-_automate_settings": {
          "runAfter": {},
          "type": "OpenApiConnection",
          "inputs": {
            "parameters": {
              "dataset": "@parameters('VarAutomateList (new_VarAutomateList)')",
              "table": "@parameters('VarAutomateSettingsListName (new_VarAutomateSettingsListName)')",
              "id": 1
            },
            "host": {
              "apiId": "/providers/Microsoft.PowerApps/apis/shared_sharepointonline",
              "operationId": "GetItem",
              "connectionName": "shared_sharepointonline"
            }
          }
        },
        "Initialize_variable_userdisplay": {
          "runAfter": {
            "Initialize_variable_-_CreatorEmail": [
              "Succeeded"
            ]
          },
          "type": "InitializeVariable",
          "inputs": {
            "variables": [
              {
                "name": "userdisplay",
                "type": "string"
              }
            ]
          }
        }
      }
    },
    "templateName": null
  },
  "schemaVersion": "1.0.0.0"
}